06/02/2006;139.445;139.445
07/02/2006;139.081;139.112
08/02/2006;138.768;139.004
09/02/2006;139.58;139.534
10/02/2006;139.295;139.514
13/02/2006;139.127;139.366
14/02/2006;139.859;140.128
15/02/2006;139.731;139.903
16/02/2006;140.181;140.49
17/02/2006;140.104;140.332
20/02/2006;140.335;140.564
21/02/2006;140.643;140.819
22/02/2006;141.389;141.525
23/02/2006;141.376;141.673
24/02/2006;141.411;141.544
27/02/2006;141.925;142.399
28/02/2006;140.781;141.063
01/03/2006;140.915;141.059
02/03/2006;140.775;140.909
03/03/2006;140.376;140.59
06/03/2006;140.366;140.663
07/03/2006;140.021;140.072
08/03/2006;139.875;139.952
09/03/2006;140.155;140.427
10/03/2006;140.799;141.065
13/03/2006;141.616;141.506
14/03/2006;141.965;142.135
15/03/2006;142.329;142.425
16/03/2006;142.62;142.96
17/03/2006;142.575;142.605
20/03/2006;142.834;143.101
21/03/2006;142.59;142.668
22/03/2006;143.208;143.369
23/03/2006;143.162;143.086
24/03/2006;143.376;143.651
27/03/2006;143.214;143.35
28/03/2006;142.765;143.016
29/03/2006;143.259;143.56
30/03/2006;143.907;144.236
31/03/2006;143.621;143.941
03/04/2006;144.383;144.506
04/04/2006;144.178;144.066
05/04/2006;144.856;144.883
06/04/2006;144.992;145.179
07/04/2006;144.078;144.247
10/04/2006;143.999;143.92
11/04/2006;143.431;143.753
12/04/2006;142.936;142.84
13/04/2006;142.942;143.018
14/04/2006;142.942;142.885
17/04/2006;142.845;142.769
18/04/2006;143.983;143.944
19/04/2006;144.891;145.089
20/04/2006;145.309;145.422
21/04/2006;145.391;145.524
24/04/2006;145.17;145.365
25/04/2006;145.08;145.06
26/04/2006;145.851;146.026
27/04/2006;145.512;145.399
28/04/2006;144.918;145.052
01/05/2006;145.182;145.258
02/05/2006;145.357;145.261
03/05/2006;144.738;144.715
04/05/2006;144.392;144.502
05/05/2006;145.697;145.686
08/05/2006;146.268;146.36
09/05/2006;146.453;146.72
10/05/2006;146.305;146.116
11/05/2006;145.602;145.734
12/05/2006;143.911;144.076
15/05/2006;142.789;142.966
16/05/2006;142.777;142.8
17/05/2006;140.816;140.894
18/05/2006;139.799;139.914
19/05/2006;139.982;140.119
22/05/2006;138.511;138.608
23/05/2006;138.96;139.118
24/05/2006;138.748;138.743
25/05/2006;139.234;139.551
26/05/2006;140.615;140.837
29/05/2006;140.834;140.872
30/05/2006;139.373;139.611
31/05/2006;139.301;139.641
01/06/2006;140.292;140.549
02/06/2006;140.397;140.588
05/06/2006;139.744;139.925
06/06/2006;138.333;138.561
07/06/2006;138.336;138.55
08/06/2006;136.543;136.968
09/06/2006;137.281;137.622
12/06/2006;136.517;137.011
13/06/2006;134.668;135.088
14/06/2006;134.961;135.609
15/06/2006;136.354;136.955
16/06/2006;136.642;137.203
19/06/2006;136.084;136.597
20/06/2006;136.024;136.476
21/06/2006;136.829;137.236
22/06/2006;137.446;137.904
23/06/2006;137.125;137.764
26/06/2006;137.158;137.609
27/06/2006;136.858;137.5
28/06/2006;136.65;137.25
29/06/2006;138.369;139.017
30/06/2006;139.497;139.934
03/07/2006;140.063;140.711
04/07/2006;140.234;140.828
05/07/2006;139.381;140.064
06/07/2006;140.074;140.735
07/07/2006;139.841;140.419
10/07/2006;140.091;140.683
11/07/2006;139.462;139.793
12/07/2006;139.345;139.917
13/07/2006;137.885;138.496
14/07/2006;136.315;136.884
17/07/2006;136.104;136.862
18/07/2006;135.875;136.522
19/07/2006;137.111;137.967
20/07/2006;137.536;138.317
21/07/2006;136.741;137.406
24/07/2006;137.757;138.387
25/07/2006;138.366;139.196
26/07/2006;138.03;138.807
27/07/2006;138.806;139.462
28/07/2006;139.161;139.971
31/07/2006;139.124;139.839
01/08/2006;138.42;139.046
02/08/2006;138.782;139.609
03/08/2006;139.05;139.74
04/08/2006;139.229;139.883
07/08/2006;138.558;139.338
08/08/2006;138.991;139.918
09/08/2006;138.768;139.368
10/08/2006;138.538;139.447
11/08/2006;138.366;139.035
14/08/2006;138.969;139.945
15/08/2006;139.64;140.383
16/08/2006;140.336;140.993
17/08/2006;141.128;142.075
18/08/2006;141.153;141.883
21/08/2006;140.965;141.828
22/08/2006;141.23;141.634
23/08/2006;140.766;141.475
24/08/2006;140.393;141.05
25/08/2006;140.615;141.384
28/08/2006;141.085;141.654
29/08/2006;141.442;142.356
30/08/2006;141.588;142.241
31/08/2006;141.796;142.401
01/09/2006;141.992;142.414
04/09/2006;142.398;143.185
05/09/2006;142.409;143.299
06/09/2006;141.297;141.965
07/09/2006;140.759;141.611
08/09/2006;140.916;141.774
11/09/2006;140.343;141.109
12/09/2006;140.815;141.598
13/09/2006;141.425;142.237
14/09/2006;141.664;142.383
15/09/2006;141.665;142.483
18/09/2006;141.933;142.901
19/09/2006;141.423;142.1
20/09/2006;141.845;142.67
21/09/2006;141.79;142.689
22/09/2006;141.161;142.061
25/09/2006;141.607;142.361
26/09/2006;142.437;142.849
27/09/2006;143.418;144.17
28/09/2006;143.628;144.087
29/09/2006;143.881;144.409
02/10/2006;143.865;144.623
03/10/2006;143.862;144.661
04/10/2006;144.393;145.262
05/10/2006;145.331;145.921
06/10/2006;145.22;146.1
09/10/2006;145.075;145.774
10/10/2006;145.763;146.512
11/10/2006;145.992;146.696
12/10/2006;146.55;147.177
13/10/2006;146.861;147.714
16/10/2006;147.167;147.648
17/10/2006;146.193;146.743
18/10/2006;146.954;147.639
19/10/2006;146.728;147.514
20/10/2006;147.305;148.146
23/10/2006;147.776;148.628
24/10/2006;147.602;148.233
25/10/2006;148.098;149.152
26/10/2006;148.72;149.391
27/10/2006;147.977;148.419
30/10/2006;148.187;148.845
31/10/2006;148.065;148.75
01/11/2006;148.107;148.708
02/11/2006;147.655;148.171
03/11/2006;147.856;148.381
06/11/2006;149.047;149.922
07/11/2006;149.859;150.69
08/11/2006;149.693;150.422
09/11/2006;149.214;149.957
10/11/2006;149.261;149.828
13/11/2006;149.476;150.289
14/11/2006;149.877;150.365
15/11/2006;150.218;150.932
16/11/2006;150.018;150.569
17/11/2006;149.944;150.57
20/11/2006;149.3;149.797
21/11/2006;149.663;150.289
22/11/2006;150.476;151.16
23/11/2006;150.551;151.327
24/11/2006;149.869;150.826
27/11/2006;148.456;149.098
28/11/2006;148.01;148.442
29/11/2006;149.511;149.932
30/11/2006;149.412;150.178
01/12/2006;148.239;148.93
04/12/2006;148.956;149.614
05/12/2006;149.647;150.35
06/12/2006;149.849;150.448
07/12/2006;149.818;150.248
08/12/2006;149.575;150.08
11/12/2006;150.416;151.02
12/12/2006;150.479;151.042
13/12/2006;151.034;151.778
14/12/2006;152.432;153.093
15/12/2006;152.741;153.394
18/12/2006;152.605;153.176
19/12/2006;152.113;152.673
20/12/2006;152.657;153.234
21/12/2006;152.199;152.925
22/12/2006;151.678;152.392
25/12/2006;151.678;152.3
26/12/2006;151.884;152.358
27/12/2006;153.244;153.71
28/12/2006;153.276;153.688
29/12/2006;153.031;153.585
01/01/2007;153.024;153.642
02/01/2007;153.744;154.498
03/01/2007;153.557;154.012
04/01/2007;152.923;153.477
05/01/2007;151.952;152.639
08/01/2007;151.385;151.89
09/01/2007;152.17;152.794
10/01/2007;151.215;152.125
11/01/2007;152.731;153.206
12/01/2007;153.699;154.414
15/01/2007;154.149;154.567
16/01/2007;153.976;154.619
17/01/2007;153.43;154.187
18/01/2007;153.412;154.271
19/01/2007;153.965;154.567
22/01/2007;153.806;154.359
23/01/2007;154.055;154.858
24/01/2007;155.308;155.863
25/01/2007;154.643;155.263
26/01/2007;154.279;154.655
29/01/2007;154.35;154.722
30/01/2007;155.422;155.763
31/01/2007;155.187;155.648
01/02/2007;156.187;156.849
02/02/2007;156.614;156.953
05/02/2007;156.458;157.027
06/02/2007;157.012;157.539
07/02/2007;157.559;157.919
08/02/2007;157.232;157.603
09/02/2007;157.393;157.956
12/02/2007;156.847;157.508
13/02/2007;157.565;158.194
14/02/2007;158.425;158.997
15/02/2007;158.662;159.208
16/02/2007;158.157;158.702
19/02/2007;158.679;159.068
20/02/2007;158.635;159.074
21/02/2007;158.035;158.67
22/02/2007;158.662;159.32
23/02/2007;158.722;159.146
26/02/2007;159.017;159.607
27/02/2007;155.809;155.924
28/02/2007;153.844;154.147
01/03/2007;152.957;153.493
02/03/2007;152.058;152.641
05/03/2007;150.183;150.798
06/03/2007;152.147;152.472
07/03/2007;152.634;153.299
08/03/2007;153.514;154.14
09/03/2007;153.701;154.243
12/03/2007;154.1;154.751
13/03/2007;152.496;152.945
14/03/2007;150.551;150.961
15/03/2007;152.458;152.912
16/03/2007;152.139;152.699
19/03/2007;153.501;154.183
20/03/2007;154.164;154.616
21/03/2007;154.764;155.496
22/03/2007;156.512;156.946
23/03/2007;156.75;157.404
26/03/2007;156.613;156.943
27/03/2007;156.219;156.748
28/03/2007;155.235;155.931
29/03/2007;156.273;157.039
30/03/2007;156.542;157.294
02/04/2007;156.004;156.623
03/04/2007;157.878;158.571
04/04/2007;158.85;159.545
05/04/2007;158.907;159.544
06/04/2007;158.903;159.625
09/04/2007;158.926;159.617
10/04/2007;160.053;161.103
11/04/2007;159.663;160.435
12/04/2007;159.859;160.601
13/04/2007;160.198;160.949
16/04/2007;161.9;162.678
17/04/2007;161.946;162.648
18/04/2007;162.165;162.878
19/04/2007;161.25;161.861
20/04/2007;162.879;163.598
23/04/2007;162.607;163.199
24/04/2007;162.071;162.785
25/04/2007;162.926;163.49
26/04/2007;163.212;163.881
27/04/2007;162.322;162.899
30/04/2007;162.186;162.603
01/05/2007;162.121;162.697
02/05/2007;163.5;164.162
03/05/2007;163.898;164.367
04/05/2007;164.746;165.44
07/05/2007;165.1;165.848
08/05/2007;164.414;164.916
09/05/2007;165.05;165.863
10/05/2007;164.158;164.708
11/05/2007;164.379;165.086
14/05/2007;164.64;165.439
15/05/2007;164.374;165.036
16/05/2007;164.607;165.125
17/05/2007;165.281;165.992
18/05/2007;165.645;166.257
21/05/2007;166.067;166.659
22/05/2007;165.8;166.5
23/05/2007;166.21;166.88
24/05/2007;164.544;165.197
25/05/2007;164.684;165.52
28/05/2007;164.802;165.275
29/05/2007;165.471;165.945
30/05/2007;165.089;165.567
31/05/2007;166.204;166.942
01/06/2007;167.041;167.555
04/06/2007;167.459;167.979
05/06/2007;166.733;167.31
06/06/2007;165.164;166.084
07/06/2007;163.473;164.093
08/06/2007;163.185;164.274
11/06/2007;163.642;164.485
12/06/2007;162.853;163.767
13/06/2007;163.215;163.905
14/06/2007;165.076;165.832
15/06/2007;165.686;166.525
18/06/2007;166.57;167.391
19/06/2007;166.877;167.903
20/06/2007;166.456;167.446
21/06/2007;166.221;166.994
22/06/2007;165.479;166.096
25/06/2007;164.761;165.494
26/06/2007;164.005;164.96
27/06/2007;163.051;163.591
28/06/2007;164.259;165.2
29/06/2007;164.629;165.347
02/07/2007;164.801;165.437
03/07/2007;165.767;166.329
04/07/2007;165.884;166.659
05/07/2007;166.118;166.746
06/07/2007;166.527;167.229
09/07/2007;167.066;167.866
10/07/2007;165.463;166.169
11/07/2007;165.11;166.109
12/07/2007;167.119;167.737
13/07/2007;167.774;168.355
16/07/2007;167.752;168.76
17/07/2007;167.543;168.311
18/07/2007;166.248;166.94
19/07/2007;167.506;168.307
20/07/2007;166.425;166.969
23/07/2007;166.747;167.676
24/07/2007;165.33;166.029
25/07/2007;164.207;165.149
26/07/2007;161.226;161.948
27/07/2007;158.762;159.6
30/07/2007;159.427;160.134
31/07/2007;159.948;160.983
01/08/2007;157.559;158.483
02/08/2007;158.933;159.644
03/08/2007;157.176;157.84
06/08/2007;157.031;157.785
07/08/2007;158.67;159.263
08/08/2007;161.294;162.192
09/08/2007;159.492;160.518
10/08/2007;157.555;158.304
13/08/2007;157.949;158.939
14/08/2007;156.182;157.125
15/08/2007;154.015;154.877
16/08/2007;152.365;153.15
17/08/2007;153.978;154.856
20/08/2007;156.174;157.303
21/08/2007;156.717;157.747
22/08/2007;157.849;158.839
23/08/2007;159.09;160.125
24/08/2007;159.089;160.289
27/08/2007;159.552;160.573
28/08/2007;157.801;158.71
29/08/2007;158.247;159.378
30/08/2007;158.863;159.874
31/08/2007;160.78;162.046
03/09/2007;160.965;162.089
04/09/2007;161.904;162.938
05/09/2007;160.292;161.421
06/09/2007;160.567;161.694
07/09/2007;159.204;160.413
10/09/2007;158.139;159.207
11/09/2007;159.673;160.773
12/09/2007;159.661;160.56
13/09/2007;160.473;161.621
14/09/2007;160.882;161.726
17/09/2007;160.012;161.136
18/09/2007;161.305;162.518
19/09/2007;164.163;165.403
20/09/2007;163.966;165.287
21/09/2007;163.899;164.999
24/09/2007;164.474;165.773
25/09/2007;164.354;165.498
26/09/2007;164.9;166.149
27/09/2007;165.812;167.013
28/09/2007;165.884;167.141
01/10/2007;166.688;167.901
02/10/2007;167.533;168.596
03/10/2007;167.433;168.647
04/10/2007;166.664;167.504
05/10/2007;167.764;168.637
08/10/2007;167.861;169.016
09/10/2007;168.553;170.065
10/10/2007;168.983;170.301
11/10/2007;169.347;170.44
12/10/2007;169.341;170.532
15/10/2007;168.521;169.724
16/10/2007;167.683;169.279
17/10/2007;167.846;168.962
18/10/2007;168.426;169.351
19/10/2007;166.636;167.696
22/10/2007;165.074;166.486
23/10/2007;166.429;167.871
24/10/2007;165.872;167.157
25/10/2007;166.246;167.529
26/10/2007;167.804;169.035
29/10/2007;168.809;170.259
30/10/2007;168.35;169.583
31/10/2007;169.15;170.282
01/11/2007;167.959;169.298
02/11/2007;166.746;168.077
05/11/2007;165.26;166.598
06/11/2007;166.331;167.722
07/11/2007;165.669;166.842
08/11/2007;163.647;164.908
09/11/2007;162.671;163.932
12/11/2007;161.525;162.696
13/11/2007;163.297;164.562
14/11/2007;164.03;165.223
15/11/2007;162.507;163.807
16/11/2007;161.912;163.022
19/11/2007;161.366;162.516
20/11/2007;160.997;162.261
21/11/2007;159.25;160.355
22/11/2007;158.91;160.355
23/11/2007;160.083;161.3
26/11/2007;160.162;161.513
27/11/2007;160.22;161.428
28/11/2007;161.624;163.104
29/11/2007;162.559;164.028
30/11/2007;164.14;165.384
03/12/2007;163.904;165.179
04/12/2007;163.105;164.517
05/12/2007;164.169;165.431
06/12/2007;165.678;167.089
07/12/2007;166.402;167.717
10/12/2007;166.626;168.052
11/12/2007;165.909;167.36
12/12/2007;165.732;166.721
13/12/2007;164.656;165.912
14/12/2007;163.211;164.299
17/12/2007;159.802;161.193
18/12/2007;159.784;161.323
19/12/2007;159.465;160.996
20/12/2007;159.442;160.721
21/12/2007;160.74;162.115
24/12/2007;162.478;163.99
25/12/2007;162.476;163.852
26/12/2007;162.523;164.038
27/12/2007;162.325;163.771
28/12/2007;162.311;163.551
31/12/2007;161.956;163.24
01/01/2008;161.961;163.306
02/01/2008;160.906;162.121
03/01/2008;160.284;161.636
04/01/2008;158.847;160.296
07/01/2008;157.756;159.025
08/01/2008;156.86;158.349
09/01/2008;156.614;158.001
10/01/2008;156.633;157.914
11/01/2008;155.125;156.394
14/01/2008;155.645;157.055
15/01/2008;153.529;155.056
16/01/2008;151.677;153.081
17/01/2008;150.037;151.465
18/01/2008;148.701;150.297
21/01/2008;144.424;146.13
22/01/2008;141.137;143.105
23/01/2008;141.936;144.117
24/01/2008;145.499;147.59
25/01/2008;146.942;149.435
28/01/2008;147.585;149.822
29/01/2008;146.788;149.372
30/01/2008;145.588;148.124
31/01/2008;146.531;148.938
01/02/2008;149.318;151.6
04/02/2008;149.098;151.42
05/02/2008;145.815;148.249
06/02/2008;144.253;146.678
07/02/2008;143.888;146.656
08/02/2008;144.269;147.022
11/02/2008;143.321;145.824
12/02/2008;145.11;147.693
13/02/2008;145.096;147.756
14/02/2008;145.63;148.465
15/02/2008;144.402;147.205
18/02/2008;144.619;147.381
19/02/2008;145.136;147.901
20/02/2008;144.096;146.838
21/02/2008;144.448;147.204
22/02/2008;144.211;146.995
25/02/2008;145.679;148.427
26/02/2008;146.746;149.437
27/02/2008;147.524;150.377
28/02/2008;145.677;148.323
29/02/2008;143.597;146.34
03/03/2008;141.93;144.549
04/03/2008;141.126;143.873
05/03/2008;141.858;144.529
06/03/2008;140.991;143.85
07/03/2008;139.112;141.832
10/03/2008;137.813;140.452
11/03/2008;139.087;141.841
12/03/2008;139.944;142.828
13/03/2008;138.868;141.829
14/03/2008;138.382;141.316
17/03/2008;136.319;139.19
18/03/2008;138.502;141.534
19/03/2008;138.736;142.093
20/03/2008;138.223;141.294
21/03/2008;138.224;141.514
24/03/2008;138.76;142.014
25/03/2008;141.062;144.307
26/03/2008;141.049;144.258
27/03/2008;140.873;143.92
28/03/2008;140.365;143.599
31/03/2008;140.501;143.621
01/04/2008;142.753;146.129
02/04/2008;144.06;147.546
03/04/2008;144.712;147.909
04/04/2008;144.991;148.185
07/04/2008;145.357;148.747
08/04/2008;144.604;147.919
09/04/2008;143.644;147.022
10/04/2008;143.087;146.365
11/04/2008;141.814;145.138
14/04/2008;140.751;144.079
15/04/2008;141.481;144.835
16/04/2008;143.255;146.568
17/04/2008;143.449;146.765
18/04/2008;144.116;147.635
21/04/2008;144.981;148.5
22/04/2008;144.109;147.537
23/04/2008;145.109;148.716
24/04/2008;144.805;148.215
25/04/2008;145.318;148.876
28/04/2008;145.557;149.135
29/04/2008;145.261;148.762
30/04/2008;145.27;148.584
01/05/2008;145.855;149.237
02/05/2008;147.276;150.689
05/05/2008;147.285;150.844
06/05/2008;147.141;150.589
07/05/2008;146.336;149.781
08/05/2008;146.774;150.213
09/05/2008;146.463;150.094
12/05/2008;147.438;150.998
13/05/2008;147.329;150.847
14/05/2008;148.296;151.831
15/05/2008;148.833;152.231
16/05/2008;149.279;152.756
19/05/2008;149.613;153.155
20/05/2008;148.445;151.952
21/05/2008;146.906;150.331
22/05/2008;147.026;150.642
23/05/2008;145.515;149.04
26/05/2008;145.009;148.515
27/05/2008;145.219;148.65
28/05/2008;145.071;148.511
29/05/2008;145.826;149.296
30/05/2008;145.656;149.015
02/06/2008;144.842;148.32
03/06/2008;144.035;147.508
04/06/2008;143.79;147.343
05/06/2008;144.013;147.472
06/06/2008;142.582;146.019
09/06/2008;142.622;146.226
10/06/2008;141.106;144.861
11/06/2008;140.215;143.751
12/06/2008;139.514;143.105
13/06/2008;140.56;144.34
16/06/2008;140.314;144.019
17/06/2008;140.602;144.256
18/06/2008;140.047;143.627
19/06/2008;139.433;143.101
20/06/2008;137.77;141.421
23/06/2008;137.732;141.304
24/06/2008;137.53;141.274
25/06/2008;137.745;141.377
26/06/2008;136.561;140.283
27/06/2008;135.756;139.477
30/06/2008;135.727;139.344
01/07/2008;134.938;138.613
02/07/2008;134.039;137.806
03/07/2008;133.676;137.484
04/07/2008;133.842;137.602
07/07/2008;133.444;137.333
08/07/2008;133.219;136.897
09/07/2008;133.352;137.21
10/07/2008;132.692;136.533
11/07/2008;132.127;135.859
14/07/2008;131.625;135.472
15/07/2008;130.295;134.281
16/07/2008;131.352;135.305
17/07/2008;132.304;136.374
18/07/2008;132.348;136.199
21/07/2008;133.405;137.336
22/07/2008;133.71;137.666
23/07/2008;134.848;138.986
24/07/2008;134.157;138.263
25/07/2008;133.083;137.196
28/07/2008;132.011;136.142
29/07/2008;132.25;136.318
30/07/2008;133.53;137.707
31/07/2008;133.373;137.5
01/08/2008;132.428;136.669
04/08/2008;131.907;136.093
05/08/2008;132.887;137.08
06/08/2008;134.038;138.356
07/08/2008;133.458;137.715
08/08/2008;134.254;138.483
11/08/2008;134.982;139.275
12/08/2008;134.721;139.086
13/08/2008;133.499;137.736
14/08/2008;133.835;138.061
15/08/2008;134.018;138.297
18/08/2008;133.564;137.874
19/08/2008;132.095;136.436
20/08/2008;132.689;137.135
21/08/2008;132.205;136.526
22/08/2008;133.185;137.572
25/08/2008;132.887;137.318
26/08/2008;133.045;137.324
27/08/2008;133.309;137.651
28/08/2008;134.413;138.831
29/08/2008;134.449;139.148
01/09/2008;134.337;138.738
02/09/2008;134.529;138.893
03/09/2008;133.82;138.204
04/09/2008;131.885;136.364
05/09/2008;130.931;135.428
08/09/2008;132.971;137.657
09/09/2008;131.373;136.036
10/09/2008;130.985;135.762
11/09/2008;130.716;135.494
12/09/2008;131.543;136.299
15/09/2008;129.123;134.04
16/09/2008;128.87;133.729
17/09/2008;127.405;132.334
18/09/2008;127.563;132.621
19/09/2008;130.219;135.719
22/09/2008;129.987;135.622
23/09/2008;128.877;134.375
24/09/2008;129.04;134.615
25/09/2008;129.588;135.224
26/09/2008;129.283;134.849
29/09/2008;125.99;132.072
30/09/2008;125.978;132.083
01/10/2008;126.78;132.994
02/10/2008;125.619;131.986
03/10/2008;125.577;131.967
06/10/2008;123.491;130.146
07/10/2008;123.249;129.934
08/10/2008;122.125;129.039
09/10/2008;121.553;128.578
10/10/2008;120.903;128.16
13/10/2008;121.229;128.747
14/10/2008;121.503;129.023
15/10/2008;120.729;128.512
16/10/2008;120.339;128.259
17/10/2008;120.361;128.287
20/10/2008;120.591;128.595
21/10/2008;120.653;128.675
22/10/2008;120.106;128.316
23/10/2008;120.002;128.221
24/10/2008;119.876;128.133
27/10/2008;119.839;128.096
28/10/2008;119.89;128.169
29/10/2008;119.944;128.221
30/10/2008;120.051;128.364
31/10/2008;120.136;128.462
03/11/2008;120.312;128.636
04/11/2008;120.577;128.93
05/11/2008;120.473;128.867
06/11/2008;119.786;128.399
07/11/2008;119.803;128.44
10/11/2008;119.842;128.484
11/11/2008;119.572;128.265
12/11/2008;119.479;128.207
13/11/2008;119.458;128.184
14/11/2008;119.456;128.188
17/11/2008;119.404;128.157
18/11/2008;119.398;128.152
19/11/2008;119.374;128.144
20/11/2008;119.363;128.136
21/11/2008;119.369;128.144
24/11/2008;119.381;128.161
25/11/2008;119.401;128.188
26/11/2008;119.4;128.187
27/11/2008;119.415;128.209
28/11/2008;119.447;128.24
01/12/2008;119.355;128.19
02/12/2008;119.357;128.194
03/12/2008;119.368;128.21
04/12/2008;119.367;128.207
05/12/2008;119.36;128.205
08/12/2008;119.396;128.26
09/12/2008;119.392;128.254
10/12/2008;119.411;128.268
11/12/2008;119.392;128.25
12/12/2008;119.373;128.242
15/12/2008;119.382;128.25
16/12/2008;119.401;128.28
17/12/2008;119.405;128.273
18/12/2008;119.405;128.278
19/12/2008;119.412;128.289
22/12/2008;119.391;128.263
23/12/2008;119.389;128.269
24/12/2008;119.399;128.283
25/12/2008;119.404;128.281
26/12/2008;119.409;128.294
29/12/2008;119.417;128.294
30/12/2008;119.439;128.32
31/12/2008;119.456;128.348
01/01/2009;119.46;128.348
02/01/2009;119.5;128.39
05/01/2009;119.493;128.4
06/01/2009;119.524;128.428
07/01/2009;119.499;128.399
08/01/2009;119.478;128.375
09/01/2009;119.47;128.38
12/01/2009;119.447;128.36
13/01/2009;119.441;128.363
14/01/2009;119.426;128.343
15/01/2009;119.41;128.341
16/01/2009;119.417;128.348
19/01/2009;119.422;128.355
20/01/2009;119.409;128.348
21/01/2009;119.414;128.353
22/01/2009;119.418;128.36
23/01/2009;119.419;128.362
26/01/2009;119.425;128.365
27/01/2009;119.432;128.376
28/01/2009;119.443;128.387
29/01/2009;119.44;128.387
30/01/2009;119.442;128.388
02/02/2009;119.443;128.391
03/02/2009;119.45;128.4
04/02/2009;119.453;128.406
05/02/2009;119.458;128.409
06/02/2009;119.468;128.417
09/02/2009;119.475;128.428
10/02/2009;119.468;128.424
11/02/2009;119.473;128.428
12/02/2009;119.477;128.435
13/02/2009;119.483;128.44
16/02/2009;119.485;128.442
17/02/2009;119.485;128.444
18/02/2009;119.488;128.448
19/02/2009;119.493;128.452
20/02/2009;119.496;128.457
23/02/2009;119.499;128.461
24/02/2009;119.504;128.465
25/02/2009;119.508;128.47
26/02/2009;119.513;128.476
27/02/2009;119.517;128.481
02/03/2009;119.521;128.485
03/03/2009;119.526;128.49
04/03/2009;119.53;128.494
05/03/2009;119.535;128.499
06/03/2009;119.539;128.504
09/03/2009;119.544;128.509
10/03/2009;119.548;128.514
11/03/2009;119.553;128.519
12/03/2009;119.557;128.524
13/03/2009;119.562;128.529
16/03/2009;119.567;128.534
17/03/2009;119.572;128.54
18/03/2009;119.577;128.545
19/03/2009;119.582;128.55
20/03/2009;119.586;128.555
23/03/2009;119.593;128.561
24/03/2009;119.597;128.567
25/03/2009;119.603;128.574
26/03/2009;119.61;128.578
27/03/2009;119.613;128.582
30/03/2009;119.611;128.584
31/03/2009;119.616;128.592
01/04/2009;119.621;128.595
02/04/2009;119.629;128.608
03/04/2009;119.636;128.613
06/04/2009;119.64;128.621
07/04/2009;119.64;128.621
08/04/2009;119.642;128.621
09/04/2009;119.651;128.633
10/04/2009;119.655;128.639
13/04/2009;119.66;128.642
14/04/2009;119.668;128.646
15/04/2009;119.672;128.657
16/04/2009;119.682;128.661
17/04/2009;119.69;128.67
20/04/2009;119.68;128.668
21/04/2009;119.68;128.673
22/04/2009;119.686;128.675
23/04/2009;119.693;128.685
24/04/2009;119.7;128.69
27/04/2009;119.705;128.699
28/04/2009;119.706;128.699
29/04/2009;119.714;128.709
30/04/2009;119.726;128.72
01/05/2009;119.73;128.719
04/05/2009;119.754;128.752
05/05/2009;119.757;128.755
06/05/2009;119.766;128.768
07/05/2009;119.772;128.763
08/05/2009;119.793;128.789
11/05/2009;119.78;128.776
12/05/2009;119.775;128.777
13/05/2009;119.759;128.766
14/05/2009;119.752;128.764
15/05/2009;119.758;128.768
18/05/2009;119.768;128.78
19/05/2009;119.784;128.793
20/05/2009;119.792;128.802
21/05/2009;119.782;128.794
22/05/2009;119.782;128.803
25/05/2009;119.785;128.805
26/05/2009;119.8;128.819
27/05/2009;119.802;128.819
28/05/2009;119.801;128.821
29/05/2009;119.815;128.831
01/06/2009;119.849;128.869
02/06/2009;119.866;128.892
03/06/2009;119.866;128.887
04/06/2009;119.859;128.88
05/06/2009;119.871;128.895
08/06/2009;119.868;128.897
09/06/2009;119.868;128.89
10/06/2009;119.892;128.925
11/06/2009;119.91;128.926
12/06/2009;119.916;128.944
15/06/2009;119.874;128.917
16/06/2009;119.859;128.903
17/06/2009;119.849;128.897
18/06/2009;119.856;128.912
19/06/2009;119.865;128.911
22/06/2009;119.854;128.904
23/06/2009;119.847;128.901
24/06/2009;119.857;128.914
25/06/2009;119.868;128.923
26/06/2009;119.876;128.926
29/06/2009;119.886;128.934
30/06/2009;119.892;128.95
01/07/2009;119.893;128.944
02/07/2009;119.88;128.939
03/07/2009;119.88;128.942
06/07/2009;119.879;128.942
07/07/2009;119.878;128.943
08/07/2009;119.881;128.948
09/07/2009;119.887;128.949
10/07/2009;119.891;128.958
13/07/2009;119.897;128.964
14/07/2009;119.911;128.978
15/07/2009;119.929;129.009
16/07/2009;119.948;129.025
17/07/2009;119.955;129.031
20/07/2009;119.98;129.05
21/07/2009;119.99;129.064
22/07/2009;120;129.066
23/07/2009;120.032;129.095
24/07/2009;120.046;129.122
27/07/2009;120.077;129.141
28/07/2009;120.079;129.15
29/07/2009;120.077;129.151
30/07/2009;120.13;129.201
31/07/2009;120.155;129.21
03/08/2009;120.211;129.288
04/08/2009;120.249;129.309
05/08/2009;120.199;129.277
06/08/2009;120.243;129.287
07/08/2009;120.275;129.345
10/08/2009;120.265;129.334
11/08/2009;120.242;129.322
12/08/2009;120.296;129.37
13/08/2009;120.387;129.452
14/08/2009;120.367;129.447
17/08/2009;120.22;129.304
18/08/2009;120.247;129.346
19/08/2009;120.255;129.345
20/08/2009;120.299;129.421
21/08/2009;120.326;129.399
24/08/2009;120.448;129.553
25/08/2009;120.459;129.577
26/08/2009;120.499;129.605
27/08/2009;120.496;129.582
28/08/2009;120.555;129.661
31/08/2009;120.499;129.594
01/09/2009;120.429;129.549
02/09/2009;120.348;129.477
03/09/2009;120.355;129.48
04/09/2009;120.415;129.537
07/09/2009;120.464;129.578
08/09/2009;120.559;129.674
09/09/2009;120.618;129.706
10/09/2009;120.705;129.829
11/09/2009;120.752;129.84
14/09/2009;120.693;129.793
15/09/2009;120.735;129.82
16/09/2009;120.973;130.077
17/09/2009;121.084;130.186
18/09/2009;121.053;130.183
21/09/2009;120.993;130.121
22/09/2009;121.015;130.132
23/09/2009;121.092;130.256
24/09/2009;120.916;130.071
25/09/2009;120.909;130.033
28/09/2009;121.006;130.154
29/09/2009;121.11;130.265
30/09/2009;121.047;130.195
01/10/2009;120.767;129.967
02/10/2009;120.561;129.78
05/10/2009;120.599;129.808
06/10/2009;120.738;129.935
07/10/2009;120.871;130.103
08/10/2009;121.061;130.282
09/10/2009;121.053;130.287
12/10/2009;121.107;130.322
13/10/2009;121.126;130.393
14/10/2009;121.418;130.65
15/10/2009;121.484;130.709
16/10/2009;121.296;130.533
19/10/2009;121.353;130.631
20/10/2009;121.388;130.687
21/10/2009;121.347;130.595
22/10/2009;121.298;130.571
23/10/2009;121.299;130.539
26/10/2009;121.09;130.339
27/10/2009;120.928;130.199
28/10/2009;120.665;129.975
29/10/2009;120.642;129.96
30/10/2009;120.545;129.876
02/11/2009;120.466;129.825
03/11/2009;120.422;129.781
04/11/2009;120.479;129.831
05/11/2009;120.529;129.875
06/11/2009;120.63;129.987
09/11/2009;120.886;130.267
10/11/2009;120.977;130.384
11/11/2009;121.08;130.424
12/11/2009;120.999;130.407
13/11/2009;120.967;130.353
16/11/2009;121.189;130.552
17/11/2009;121.114;130.504
18/11/2009;121.141;130.519
19/11/2009;121.015;130.436
20/11/2009;120.854;130.258
23/11/2009;121.05;130.454
24/11/2009;120.966;130.412
25/11/2009;121.087;130.461
26/11/2009;120.928;130.359
27/11/2009;120.66;130.088
30/11/2009;120.809;130.259
01/12/2009;120.985;130.423
02/12/2009;121.073;130.527
03/12/2009;121.051;130.489
04/12/2009;120.998;130.434
07/12/2009;120.917;130.407
08/12/2009;120.789;130.266
09/12/2009;120.718;130.198
10/12/2009;120.737;130.221
11/12/2009;120.808;130.303
14/12/2009;120.903;130.377
15/12/2009;120.911;130.372
16/12/2009;120.96;130.453
17/12/2009;120.856;130.39
18/12/2009;120.827;130.296
21/12/2009;120.932;130.435
22/12/2009;121.094;130.603
23/12/2009;121.198;130.669
24/12/2009;121.334;130.807
25/12/2009;121.341;130.786
28/12/2009;121.392;130.855
29/12/2009;121.511;130.98
30/12/2009;121.438;130.955
31/12/2009;121.448;130.908
01/01/2010;121.449;130.941
04/01/2010;121.67;131.142
05/01/2010;121.797;131.289
06/01/2010;121.789;131.27
07/01/2010;121.757;131.262
08/01/2010;121.843;131.34
11/01/2010;121.953;131.435
12/01/2010;121.667;131.185
13/01/2010;121.662;131.16
14/01/2010;121.772;131.255
15/01/2010;121.578;131.11
18/01/2010;121.64;131.139
19/01/2010;121.665;131.172
20/01/2010;121.448;130.98
21/01/2010;121.14;130.673
22/01/2010;120.828;130.434
25/01/2010;120.766;130.377
26/01/2010;120.775;130.38
27/01/2010;120.639;130.223
28/01/2010;120.579;130.217
29/01/2010;120.456;130.107
01/02/2010;120.47;130.116
02/02/2010;120.633;130.275
03/02/2010;120.641;130.272
04/02/2010;120.377;130.079
05/02/2010;120.224;129.979
08/02/2010;120.233;129.97
09/02/2010;120.254;129.987
10/02/2010;120.277;130.007
11/02/2010;120.316;130.052
12/02/2010;120.316;130.052
15/02/2010;120.311;130.043
16/02/2010;120.395;130.15
17/02/2010;120.524;130.289
18/02/2010;120.547;130.303
19/02/2010;120.552;130.316
22/02/2010;120.63;130.358
23/02/2010;120.544;130.328
24/02/2010;120.508;130.259
25/02/2010;120.411;130.174
26/02/2010;120.49;130.239
01/03/2010;120.603;130.343
02/03/2010;120.645;130.402
03/03/2010;120.736;130.462
04/03/2010;120.765;130.509
05/03/2010;120.916;130.686
08/03/2010;120.983;130.724
09/03/2010;121.014;130.761
10/03/2010;121.081;130.821
11/03/2010;121.082;130.821
12/03/2010;121.101;130.8
15/03/2010;121.008;130.751
16/03/2010;121.124;130.882
17/03/2010;121.287;131.02
18/03/2010;121.272;131.027
19/03/2010;121.23;130.991
22/03/2010;121.181;130.94
23/03/2010;121.335;131.059
24/03/2010;121.306;131.076
25/03/2010;121.343;131.075
26/03/2010;121.388;131.099
29/03/2010;121.439;131.204
30/03/2010;121.463;131.22
31/03/2010;121.356;131.109
01/04/2010;121.547;131.303
02/04/2010;121.546;131.301
05/04/2010;121.607;131.298
06/04/2010;121.731;131.492
07/04/2010;121.67;131.439
08/04/2010;121.592;131.349
09/04/2010;121.765;131.532
12/04/2010;121.894;131.603
13/04/2010;121.8;131.506
14/04/2010;122.033;131.754
15/04/2010;122.064;131.815
16/04/2010;121.741;131.524
19/04/2010;121.61;131.381
20/04/2010;121.764;131.536
21/04/2010;121.752;131.533
22/04/2010;121.576;131.353
23/04/2010;121.626;131.415
26/04/2010;121.635;131.407
27/04/2010;121.241;131.07
28/04/2010;121.11;130.944
29/04/2010;121.187;131.021
30/04/2010;121.096;130.954
03/05/2010;121.142;130.966
04/05/2010;120.751;130.698
05/05/2010;120.599;130.536
06/05/2010;120.284;130.329
07/05/2010;120.121;130.185
10/05/2010;120.353;130.537
11/05/2010;120.259;130.436
12/05/2010;120.36;130.528
13/05/2010;120.387;130.571
14/05/2010;120.146;130.381
17/05/2010;120.037;130.312
18/05/2010;120.037;130.309
19/05/2010;119.95;130.232
20/05/2010;119.845;130.152
21/05/2010;119.864;130.17
24/05/2010;119.875;130.179
25/05/2010;119.818;130.139
26/05/2010;119.831;130.156
27/05/2010;119.897;130.23
28/05/2010;119.913;130.252
31/05/2010;119.904;130.235
01/06/2010;119.875;130.212
02/06/2010;119.895;130.23
03/06/2010;119.957;130.291
04/06/2010;119.85;130.228
07/06/2010;119.789;130.182
08/06/2010;119.811;130.205
09/06/2010;119.82;130.215
10/06/2010;119.871;130.265
11/06/2010;119.919;130.314
14/06/2010;119.939;130.322
15/06/2010;120;130.389
16/06/2010;120.003;130.405
17/06/2010;120.031;130.438
18/06/2010;120.058;130.449
21/06/2010;120.11;130.501
22/06/2010;120.012;130.424
23/06/2010;119.942;130.376
24/06/2010;119.891;130.323
25/06/2010;119.865;130.297
28/06/2010;119.865;130.296
29/06/2010;119.791;130.251
30/06/2010;119.785;130.246
01/07/2010;119.771;130.236
02/07/2010;119.775;130.241
05/07/2010;119.777;130.242
06/07/2010;119.796;130.262
07/07/2010;119.819;130.284
08/07/2010;119.856;130.325
09/07/2010;119.882;130.354
12/07/2010;119.893;130.358
13/07/2010;119.921;130.386
14/07/2010;119.959;130.417
15/07/2010;119.947;130.394
16/07/2010;119.884;130.364
19/07/2010;119.871;130.343
20/07/2010;119.894;130.372
21/07/2010;119.887;130.374
22/07/2010;119.918;130.394
23/07/2010;119.964;130.451
26/07/2010;120.01;130.486
27/07/2010;120.029;130.515
28/07/2010;120.039;130.519
29/07/2010;120.027;130.507
30/07/2010;120.007;130.475
02/08/2010;120.11;130.589
03/08/2010;120.124;130.598
04/08/2010;120.121;130.588
05/08/2010;120.137;130.612
06/08/2010;120.111;130.596
09/08/2010;120.172;130.656
10/08/2010;120.097;130.585
11/08/2010;119.93;130.472
12/08/2010;119.902;130.46
13/08/2010;119.918;130.468
16/08/2010;119.914;130.472
17/08/2010;119.951;130.518
18/08/2010;119.954;130.5
19/08/2010;119.923;130.49
20/08/2010;119.897;130.47
23/08/2010;119.9;130.463
24/08/2010;119.871;130.45
25/08/2010;119.861;130.445
26/08/2010;119.87;130.457
27/08/2010;119.888;130.474
30/08/2010;119.898;130.486
31/08/2010;119.894;130.484
01/09/2010;119.945;130.536
02/09/2010;119.972;130.563
03/09/2010;120.004;130.593
06/09/2010;120.026;130.61
07/09/2010;119.999;130.589
08/09/2010;120.003;130.6
09/09/2010;120.04;130.644
10/09/2010;120.04;130.63
13/09/2010;120.101;130.694
14/09/2010;120.113;130.702
15/09/2010;120.14;130.718
16/09/2010;120.107;130.697
17/09/2010;120.118;130.706
20/09/2010;120.163;130.765
21/09/2010;120.153;130.742
22/09/2010;120.139;130.728
23/09/2010;120.124;130.723
24/09/2010;120.174;130.777
27/09/2010;120.2;130.788
28/09/2010;120.214;130.784
29/09/2010;120.185;130.768
30/09/2010;120.145;130.733
01/10/2010;120.153;130.746
04/10/2010;120.152;130.738
05/10/2010;120.213;130.79
06/10/2010;120.275;130.845
07/10/2010;120.28;130.847
08/10/2010;120.292;130.858
11/10/2010;120.309;130.87
12/10/2010;120.257;130.853
13/10/2010;120.316;130.874
14/10/2010;120.366;130.918
15/10/2010;120.37;130.946
18/10/2010;120.371;130.938
19/10/2010;120.315;130.895
20/10/2010;120.337;130.923
21/10/2010;120.364;130.928
22/10/2010;120.388;130.962
25/10/2010;120.444;131.029
26/10/2010;120.416;130.985
27/10/2010;120.363;130.938
28/10/2010;120.41;130.982
29/10/2010;120.394;130.946
01/11/2010;120.42;130.979
02/11/2010;120.468;131.027
03/11/2010;120.485;131.062
04/11/2010;120.614;131.193
05/11/2010;120.677;131.25
08/11/2010;120.63;131.224
09/11/2010;120.568;131.164
10/11/2010;120.517;131.107
11/11/2010;120.515;131.118
12/11/2010;120.44;131.045
15/11/2010;120.448;131.055
16/11/2010;120.361;130.984
17/11/2010;120.322;130.947
18/11/2010;120.402;131.029
19/11/2010;120.404;131.036
22/11/2010;120.391;131.019
23/11/2010;120.264;130.931
24/11/2010;120.303;130.962
25/11/2010;120.316;130.991
26/11/2010;120.289;130.954
29/11/2010;120.269;130.931
30/11/2010;120.23;130.907
01/12/2010;120.303;130.98
02/12/2010;120.42;131.101
03/12/2010;120.452;131.111
06/12/2010;120.434;131.12
07/12/2010;120.489;131.16
08/12/2010;120.496;131.163
09/12/2010;120.564;131.239
10/12/2010;120.598;131.275
13/12/2010;120.632;131.296
14/12/2010;120.655;131.314
15/12/2010;120.606;131.269
16/12/2010;120.664;131.337
17/12/2010;120.628;131.306
20/12/2010;120.624;131.3
21/12/2010;120.72;131.368
22/12/2010;120.741;131.427
23/12/2010;120.753;131.408
24/12/2010;120.73;131.394
27/12/2010;120.711;131.382
28/12/2010;120.711;131.393
29/12/2010;120.736;131.397
30/12/2010;120.726;131.381
31/12/2010;120.674;131.339
03/01/2011;120.77;131.435
04/01/2011;120.771;131.416
05/01/2011;120.757;131.432
06/01/2011;120.752;131.434
07/01/2011;120.695;131.376
10/01/2011;120.664;131.333
11/01/2011;120.715;131.364
12/01/2011;120.848;131.494
13/01/2011;120.968;131.613
14/01/2011;121.043;131.673
17/01/2011;120.978;131.633
18/01/2011;121.08;131.716
19/01/2011;121.033;131.679
20/01/2011;120.969;131.627
21/01/2011;121.008;131.62
24/01/2011;121.1;131.72
25/01/2011;121.115;131.71
26/01/2011;121.162;131.769
27/01/2011;121.212;131.777
28/01/2011;120.97;131.621
31/01/2011;121.004;131.615
01/02/2011;121.178;131.798
02/02/2011;121.226;131.841
03/02/2011;121.247;131.889
04/02/2011;121.342;131.992
07/02/2011;121.447;132.098
08/02/2011;121.553;132.147
09/02/2011;121.545;132.145
10/02/2011;121.559;132.136
11/02/2011;121.552;132.211
14/02/2011;121.661;132.28
15/02/2011;121.646;132.261
16/02/2011;121.752;132.348
17/02/2011;121.804;132.397
18/02/2011;121.833;132.414
21/02/2011;121.695;132.288
22/02/2011;121.403;132.043
23/02/2011;121.318;131.943
24/02/2011;121.26;131.883
25/02/2011;121.404;132.049
28/02/2011;121.481;132.1
01/03/2011;121.307;131.941
02/03/2011;121.272;131.902
03/03/2011;121.421;132.043
04/03/2011;121.423;132.036
07/03/2011;121.249;131.91
08/03/2011;121.338;131.979
09/03/2011;121.27;131.915
10/03/2011;121.026;131.676
11/03/2011;120.996;131.671
14/03/2011;120.93;131.597
15/03/2011;120.752;131.458
16/03/2011;120.661;131.374
17/03/2011;120.737;131.45
18/03/2011;120.806;131.505
21/03/2011;120.926;131.642
22/03/2011;120.905;131.641
23/03/2011;120.935;131.668
24/03/2011;121.065;131.791
25/03/2011;121.128;131.832
28/03/2011;121.105;131.842
29/03/2011;121.176;131.879
30/03/2011;121.325;132.037
31/03/2011;121.313;131.998
01/04/2011;121.438;132.119
04/04/2011;121.474;132.175
05/04/2011;121.49;132.192
06/04/2011;121.56;132.251
07/04/2011;121.529;132.212
08/04/2011;121.58;132.254
11/04/2011;121.595;132.276
12/04/2011;121.374;132.104
13/04/2011;121.412;132.095
14/04/2011;121.345;132.017
15/04/2011;121.334;132.013
18/04/2011;121.185;131.919
19/04/2011;121.162;131.89
20/04/2011;121.378;132.109
21/04/2011;121.51;132.244
22/04/2011;121.513;132.234
25/04/2011;121.507;132.219
26/04/2011;121.609;132.318
27/04/2011;121.64;132.348
28/04/2011;121.715;132.419
29/04/2011;121.672;132.392
02/05/2011;121.66;132.367
03/05/2011;121.565;132.289
04/05/2011;121.396;132.093
05/05/2011;121.303;132.032
06/05/2011;121.331;132.078
09/05/2011;121.327;132.067
10/05/2011;121.396;132.137
11/05/2011;121.366;132.11
12/05/2011;121.284;132.046
13/05/2011;121.217;131.997
16/05/2011;121.105;131.874
17/05/2011;121.113;131.879
18/05/2011;121.198;131.957
19/05/2011;121.301;132.082
20/05/2011;121.178;131.957
23/05/2011;120.96;131.771
24/05/2011;120.956;131.772
25/05/2011;120.954;131.769
26/05/2011;121.023;131.814
27/05/2011;121.09;131.873
30/05/2011;121.075;131.854
31/05/2011;121.22;132.008
01/06/2011;121.032;131.848
02/06/2011;120.914;131.756
03/06/2011;120.873;131.706
06/06/2011;120.812;131.65
07/06/2011;120.82;131.658
08/06/2011;120.784;131.623
09/06/2011;120.825;131.652
10/06/2011;120.758;131.622
13/06/2011;120.765;131.618
14/06/2011;120.832;131.682
15/06/2011;120.733;131.628
16/06/2011;120.704;131.601
17/06/2011;120.733;131.61
20/06/2011;120.732;131.617
21/06/2011;120.811;131.702
22/06/2011;120.801;131.695
23/06/2011;120.747;131.652
24/06/2011;120.714;131.627
27/06/2011;120.73;131.635
28/06/2011;120.782;131.682
29/06/2011;120.857;131.771
30/06/2011;120.968;131.863
01/07/2011;121.047;131.943
04/07/2011;121.063;131.947
05/07/2011;121.032;131.933
06/07/2011;121.028;131.931
07/07/2011;121.097;131.99
08/07/2011;121.053;131.969
11/07/2011;120.83;131.799
12/07/2011;120.761;131.738
13/07/2011;120.797;131.762
14/07/2011;120.758;131.747
15/07/2011;120.767;131.743
18/07/2011;120.722;131.707
19/07/2011;120.782;131.758
20/07/2011;120.84;131.824
21/07/2011;120.933;131.892
22/07/2011;120.976;131.939
25/07/2011;120.879;131.865
26/07/2011;120.893;131.88
27/07/2011;120.755;131.776
28/07/2011;120.713;131.754
29/07/2011;120.683;131.728
01/08/2011;120.678;131.711
02/08/2011;120.601;131.663
03/08/2011;120.591;131.664
04/08/2011;120.529;131.638
05/08/2011;120.526;131.637
08/08/2011;120.512;131.637
09/08/2011;120.518;131.643
10/08/2011;120.519;131.647
11/08/2011;120.525;131.654
12/08/2011;120.531;131.659
15/08/2011;120.54;131.667
16/08/2011;120.541;131.673
17/08/2011;120.546;131.679
18/08/2011;120.541;131.679
19/08/2011;120.543;131.682
22/08/2011;120.547;131.687
23/08/2011;120.553;131.694
24/08/2011;120.559;131.699
25/08/2011;120.562;131.704
26/08/2011;120.568;131.709
29/08/2011;120.576;131.719
30/08/2011;120.581;131.722
31/08/2011;120.587;131.729
01/09/2011;120.589;131.733
02/09/2011;120.585;131.734
05/09/2011;120.587;131.739
06/09/2011;120.591;131.743
07/09/2011;120.597;131.749
08/09/2011;120.601;131.754
09/09/2011;120.603;131.758
12/09/2011;120.607;131.763
13/09/2011;120.612;131.768
14/09/2011;120.616;131.773
15/09/2011;120.622;131.779
16/09/2011;120.627;131.785
19/09/2011;120.63;131.789
20/09/2011;120.634;131.794
21/09/2011;120.638;131.798
22/09/2011;120.641;131.803
23/09/2011;120.646;131.808
26/09/2011;120.65;131.813
27/09/2011;120.655;131.818
28/09/2011;120.66;131.823
29/09/2011;120.664;131.828
30/09/2011;120.668;131.833
03/10/2011;120.672;131.838
04/10/2011;120.677;131.843
05/10/2011;120.682;131.848
06/10/2011;120.687;131.853
07/10/2011;120.691;131.859
10/10/2011;120.698;131.865
11/10/2011;120.703;131.87
12/10/2011;120.709;131.876
13/10/2011;120.713;131.881
14/10/2011;120.719;131.887
17/10/2011;120.721;131.891
18/10/2011;120.726;131.896
19/10/2011;120.73;131.901
20/10/2011;120.734;131.905
21/10/2011;120.741;131.912
24/10/2011;120.749;131.921
25/10/2011;120.748;131.923
26/10/2011;120.754;131.927
27/10/2011;120.769;131.946
28/10/2011;120.773;131.951
31/10/2011;120.756;131.945
01/11/2011;120.749;131.946
02/11/2011;120.755;131.951
03/11/2011;120.762;131.959
04/11/2011;120.766;131.964
07/11/2011;120.771;131.969
08/11/2011;120.779;131.975
09/11/2011;120.773;131.978
10/11/2011;120.777;131.982
11/11/2011;120.785;131.989
14/11/2011;120.787;131.994
15/11/2011;120.791;131.998
16/11/2011;120.792;132.002
17/11/2011;120.795;132.005
18/11/2011;120.799;132.01
21/11/2011;120.802;132.014
22/11/2011;120.806;132.019
23/11/2011;120.81;132.024
24/11/2011;120.815;132.029
25/11/2011;120.819;132.034
28/11/2011;120.824;132.04
29/11/2011;120.829;132.045
30/11/2011;120.835;132.052
01/12/2011;120.84;132.057
02/12/2011;120.846;132.062
05/12/2011;120.853;132.07
06/12/2011;120.856;132.074
07/12/2011;120.861;132.078
08/12/2011;120.861;132.081
09/12/2011;120.867;132.086
12/12/2011;120.869;132.091
13/12/2011;120.872;132.095
14/12/2011;120.876;132.1
15/12/2011;120.88;132.105
16/12/2011;120.885;132.11
19/12/2011;120.889;132.115
20/12/2011;120.894;132.121
21/12/2011;120.899;132.125
22/12/2011;120.904;132.131
23/12/2011;120.909;132.137
26/12/2011;120.914;132.142
27/12/2011;120.919;132.146
28/12/2011;120.921;132.151
29/12/2011;120.926;132.156
30/12/2011;120.931;132.161
02/01/2012;120.935;132.166
03/01/2012;120.942;132.172
04/01/2012;120.946;132.177
05/01/2012;120.95;132.183
06/01/2012;120.954;132.187
09/01/2012;120.959;132.192
10/01/2012;120.965;132.198
11/01/2012;120.969;132.203
12/01/2012;120.975;132.209
13/01/2012;120.978;132.213
16/01/2012;120.983;132.218
17/01/2012;120.989;132.225
18/01/2012;120.996;132.23
19/01/2012;121.003;132.236
20/01/2012;121.008;132.241
23/01/2012;121.013;132.247
24/01/2012;121.017;132.25
25/01/2012;121.025;132.258
26/01/2012;121.029;132.262
27/01/2012;121.033;132.267
30/01/2012;121.036;132.272
31/01/2012;121.04;132.277
01/02/2012;121.047;132.282
02/02/2012;121.054;132.288
03/02/2012;121.063;132.299
06/02/2012;121.069;132.305
07/02/2012;121.075;132.308
08/02/2012;121.081;132.313
09/02/2012;121.087;132.321
10/02/2012;121.083;132.32
13/02/2012;121.092;132.328
14/02/2012;121.094;132.329
15/02/2012;121.096;132.335
16/02/2012;121.102;132.341
17/02/2012;121.108;132.348
20/02/2012;121.116;132.353
21/02/2012;121.122;132.361
22/02/2012;121.124;132.364
23/02/2012;121.13;132.369
24/02/2012;121.137;132.377
27/02/2012;121.14;132.378
28/02/2012;121.146;132.385
29/02/2012;121.15;132.388
01/03/2012;121.156;132.393
02/03/2012;121.159;132.399
05/03/2012;121.161;132.401
06/03/2012;121.156;132.402
07/03/2012;121.161;132.407
08/03/2012;121.17;132.416
09/03/2012;121.175;132.422
12/03/2012;121.18;132.427
13/03/2012;121.192;132.438
14/03/2012;121.198;132.446
15/03/2012;121.207;132.453
16/03/2012;121.214;132.456
19/03/2012;121.222;132.465
20/03/2012;121.222;132.464
21/03/2012;121.224;132.47
22/03/2012;121.224;132.471
23/03/2012;121.23;132.478
26/03/2012;121.241;132.488
27/03/2012;121.245;132.49
28/03/2012;121.248;132.497
29/03/2012;121.25;132.496
30/03/2012;121.257;132.504
02/04/2012;121.266;132.511
03/04/2012;121.267;132.514
04/04/2012;121.261;132.513
05/04/2012;121.264;132.519
06/04/2012;121.269;132.524
09/04/2012;121.27;132.525
10/04/2012;121.267;132.527
11/04/2012;121.273;132.533
12/04/2012;121.281;132.539
13/04/2012;121.282;132.543
16/04/2012;121.286;132.547
17/04/2012;121.295;132.555
18/04/2012;121.299;132.559
19/04/2012;121.301;132.564
20/04/2012;121.307;132.569
23/04/2012;121.308;132.572
24/04/2012;121.314;132.579
25/04/2012;121.322;132.584
26/04/2012;121.329;132.591
27/04/2012;121.334;132.597
30/04/2012;121.338;132.601
01/05/2012;121.345;132.609
02/05/2012;121.348;132.613
03/05/2012;121.349;132.615
04/05/2012;121.348;132.619
07/05/2012;121.352;132.623
08/05/2012;121.355;132.628
09/05/2012;121.359;132.631
10/05/2012;121.364;132.637
11/05/2012;121.368;132.642
14/05/2012;121.371;132.647
15/05/2012;121.375;132.651
16/05/2012;121.379;132.656
17/05/2012;121.384;132.661
18/05/2012;121.388;132.666
21/05/2012;121.393;132.671
22/05/2012;121.397;132.676
23/05/2012;121.402;132.681
24/05/2012;121.407;132.686
25/05/2012;121.411;132.691
28/05/2012;121.416;132.696
29/05/2012;121.421;132.701
30/05/2012;121.425;132.707
31/05/2012;121.429;132.711
01/06/2012;121.434;132.716
04/06/2012;121.438;132.721
05/06/2012;121.443;132.726
06/06/2012;121.448;132.731
07/06/2012;121.452;132.737
08/06/2012;121.457;132.742
11/06/2012;121.462;132.747
12/06/2012;121.466;132.752
13/06/2012;121.471;132.757
14/06/2012;121.476;132.762
15/06/2012;121.48;132.767
18/06/2012;121.485;132.772
19/06/2012;121.49;132.778
20/06/2012;121.495;132.782
21/06/2012;121.498;132.787
22/06/2012;121.503;132.792
25/06/2012;121.507;132.797
26/06/2012;121.512;132.802
27/06/2012;121.517;132.808
28/06/2012;121.521;132.813
29/06/2012;121.526;132.818
02/07/2012;121.531;132.823
03/07/2012;121.536;132.828
04/07/2012;121.541;132.833
05/07/2012;121.545;132.839
06/07/2012;121.549;132.843
09/07/2012;121.553;132.848
10/07/2012;121.558;132.853
11/07/2012;121.562;132.858
12/07/2012;121.567;132.863
13/07/2012;121.572;132.868
16/07/2012;121.576;132.873
17/07/2012;121.581;132.879
18/07/2012;121.586;132.884
19/07/2012;121.591;132.889
20/07/2012;121.595;132.894
23/07/2012;121.599;132.899
24/07/2012;121.604;132.904
25/07/2012;121.608;132.909
26/07/2012;121.613;132.914
27/07/2012;121.618;132.919
30/07/2012;121.623;132.925
31/07/2012;121.628;132.93
01/08/2012;121.632;132.934
02/08/2012;121.636;132.94
03/08/2012;121.641;132.945
06/08/2012;121.646;132.95
07/08/2012;121.652;132.955
08/08/2012;121.656;132.961
09/08/2012;121.661;132.965
10/08/2012;121.665;132.971
13/08/2012;121.67;132.976
14/08/2012;121.675;132.981
15/08/2012;121.679;132.985
16/08/2012;121.685;132.991
17/08/2012;121.69;132.997
20/08/2012;121.694;133.001
21/08/2012;121.699;133.007
22/08/2012;121.704;133.011
23/08/2012;121.708;133.016
24/08/2012;121.713;133.021
27/08/2012;121.717;133.026
28/08/2012;121.722;133.031
29/08/2012;121.727;133.037
30/08/2012;121.731;133.041
31/08/2012;121.736;133.047
03/09/2012;121.74;133.052
04/09/2012;121.745;133.057
05/09/2012;121.749;133.062
06/09/2012;121.755;133.067
07/09/2012;121.76;133.073
10/09/2012;121.764;133.078
11/09/2012;121.769;133.083
12/09/2012;121.774;133.088
13/09/2012;121.78;133.094
14/09/2012;121.787;133.1
17/09/2012;121.791;133.105
18/09/2012;121.795;133.109
19/09/2012;121.8;133.114
20/09/2012;121.804;133.119
21/09/2012;121.809;133.125
24/09/2012;121.813;133.129
25/09/2012;121.816;133.134
26/09/2012;121.82;133.138
27/09/2012;121.825;133.143
28/09/2012;121.829;133.148
01/10/2012;121.834;133.154
02/10/2012;121.839;133.159
03/10/2012;121.844;133.164
04/10/2012;121.85;133.169
05/10/2012;121.855;133.175
08/10/2012;121.859;133.18
09/10/2012;121.862;133.184
10/10/2012;121.866;133.189
11/10/2012;121.87;133.194
12/10/2012;121.875;133.199
15/10/2012;121.88;133.205
16/10/2012;121.886;133.211
17/10/2012;121.891;133.215
18/10/2012;121.896;133.221
19/10/2012;121.898;133.225
22/10/2012;121.902;133.23
23/10/2012;121.906;133.234
24/10/2012;121.91;133.239
25/10/2012;121.915;133.244
26/10/2012;121.919;133.249
29/10/2012;121.924;133.255
30/10/2012;121.929;133.26
31/10/2012;121.933;133.265
01/11/2012;121.938;133.27
02/11/2012;121.942;133.275
05/11/2012;121.947;133.28
06/11/2012;121.952;133.286
07/11/2012;121.956;133.29
08/11/2012;121.96;133.295
09/11/2012;121.965;133.3
12/11/2012;121.969;133.305
13/11/2012;121.974;133.31
14/11/2012;121.978;133.315
15/11/2012;121.983;133.32
16/11/2012;121.988;133.326
19/11/2012;121.992;133.331
20/11/2012;121.997;133.336
21/11/2012;122.002;133.341
22/11/2012;122.006;133.346
23/11/2012;122.011;133.351
26/11/2012;122.016;133.356
27/11/2012;122.02;133.361
28/11/2012;122.025;133.367
29/11/2012;122.03;133.372
30/11/2012;122.035;133.376
03/12/2012;122.039;133.382
04/12/2012;122.044;133.387
05/12/2012;122.049;133.392
06/12/2012;122.053;133.397
07/12/2012;122.058;133.402
10/12/2012;122.063;133.407
11/12/2012;122.068;133.412
12/12/2012;122.072;133.418
13/12/2012;122.077;133.422
14/12/2012;122.081;133.427
17/12/2012;122.086;133.433
18/12/2012;122.092;133.438
19/12/2012;122.096;133.443
20/12/2012;122.101;133.448
21/12/2012;122.105;133.453
24/12/2012;122.109;133.458
25/12/2012;122.114;133.463
26/12/2012;122.119;133.468
27/12/2012;122.123;133.473
28/12/2012;122.128;133.478
31/12/2012;122.132;133.483
01/01/2013;122.137;133.489
02/01/2013;122.143;133.494
03/01/2013;122.147;133.5
04/01/2013;122.152;133.505
07/01/2013;122.156;133.51
08/01/2013;122.161;133.514
09/01/2013;122.165;133.519
10/01/2013;122.171;133.525
11/01/2013;122.176;133.53
14/01/2013;122.181;133.535
15/01/2013;122.185;133.54
16/01/2013;122.19;133.545
17/01/2013;122.195;133.55
18/01/2013;122.2;133.556
21/01/2013;122.205;133.561
22/01/2013;122.21;133.566
23/01/2013;122.215;133.571
24/01/2013;122.22;133.577
25/01/2013;122.227;133.582
28/01/2013;122.231;133.587
29/01/2013;122.237;133.592
30/01/2013;122.241;133.597
31/01/2013;122.245;133.602
01/02/2013;122.252;133.607
04/02/2013;122.252;133.612
05/02/2013;122.259;133.617
06/02/2013;122.263;133.622
07/02/2013;122.267;133.627
08/02/2013;122.273;133.633
11/02/2013;122.277;133.637
12/02/2013;122.283;133.643
13/02/2013;122.288;133.648
14/02/2013;122.292;133.653
15/02/2013;122.297;133.658
18/02/2013;122.302;133.663
19/02/2013;122.307;133.669
20/02/2013;122.31;133.673
21/02/2013;122.313;133.678
22/02/2013;122.318;133.683
25/02/2013;122.322;133.688
26/02/2013;122.326;133.693
27/02/2013;122.332;133.698
28/02/2013;122.337;133.704
01/03/2013;122.341;133.709
04/03/2013;122.346;133.714
05/03/2013;122.352;133.72
06/03/2013;122.357;133.725
07/03/2013;122.362;133.73
08/03/2013;122.368;133.737
11/03/2013;122.373;133.742
12/03/2013;122.377;133.746
13/03/2013;122.381;133.751
14/03/2013;122.386;133.756
15/03/2013;122.392;133.762
18/03/2013;122.394;133.765
19/03/2013;122.397;133.77
20/03/2013;122.403;133.776
21/03/2013;122.406;133.78
22/03/2013;122.412;133.786
25/03/2013;122.416;133.79
26/03/2013;122.421;133.795
27/03/2013;122.425;133.801
28/03/2013;122.43;133.806
29/03/2013;122.435;133.811
01/04/2013;122.439;133.816
02/04/2013;122.445;133.821
03/04/2013;122.448;133.826
04/04/2013;122.453;133.831
05/04/2013;122.457;133.836
08/04/2013;122.462;133.841
09/04/2013;122.467;133.847
10/04/2013;122.473;133.852
11/04/2013;122.479;133.858
12/04/2013;122.483;133.862
15/04/2013;122.484;133.866
16/04/2013;122.49;133.872
17/04/2013;122.494;133.876
18/04/2013;122.498;133.882
19/04/2013;122.503;133.887
22/04/2013;122.508;133.892
23/04/2013;122.513;133.898
24/04/2013;122.518;133.903
25/04/2013;122.523;133.908
26/04/2013;122.528;133.913
29/04/2013;122.534;133.92
30/04/2013;122.54;133.924
01/05/2013;122.542;133.929
02/05/2013;122.548;133.934
03/05/2013;122.555;133.94
06/05/2013;122.56;133.946
07/05/2013;122.566;133.951
08/05/2013;122.573;133.957
09/05/2013;122.577;133.961
10/05/2013;122.583;133.968
13/05/2013;122.587;133.972
14/05/2013;122.596;133.98
15/05/2013;122.602;133.986
16/05/2013;122.603;133.989
17/05/2013;122.613;133.997
20/05/2013;122.618;134.001
21/05/2013;122.623;134.006
22/05/2013;122.623;134.009
23/05/2013;122.622;134.012
24/05/2013;122.626;134.017
27/05/2013;122.631;134.021
28/05/2013;122.637;134.027
29/05/2013;122.639;134.031
30/05/2013;122.644;134.037
31/05/2013;122.646;134.041
03/06/2013;122.651;134.046
04/06/2013;122.655;134.051
05/06/2013;122.658;134.055
06/06/2013;122.663;134.06
07/06/2013;122.669;134.066
10/06/2013;122.673;134.071
11/06/2013;122.677;134.076
12/06/2013;122.682;134.081
13/06/2013;122.687;134.086
14/06/2013;122.691;134.091
17/06/2013;122.696;134.096
18/06/2013;122.702;134.101
19/06/2013;122.705;134.107
20/06/2013;122.708;134.112
21/06/2013;122.713;134.117
24/06/2013;122.717;134.122
25/06/2013;122.722;134.127
26/06/2013;122.727;134.132
27/06/2013;122.732;134.137
28/06/2013;122.736;134.142
01/07/2013;122.741;134.147
02/07/2013;122.746;134.153
03/07/2013;122.75;134.158
04/07/2013;122.755;134.163
05/07/2013;122.76;134.168
08/07/2013;122.764;134.173
09/07/2013;122.769;134.178
10/07/2013;122.774;134.183
11/07/2013;122.78;134.189
12/07/2013;122.785;134.194
15/07/2013;122.79;134.199
16/07/2013;122.794;134.204
17/07/2013;122.8;134.209
18/07/2013;122.805;134.214
19/07/2013;122.81;134.219
22/07/2013;122.815;134.225
23/07/2013;122.82;134.23
24/07/2013;122.824;134.235
25/07/2013;122.829;134.24
26/07/2013;122.834;134.245
29/07/2013;122.838;134.25
30/07/2013;122.843;134.255
31/07/2013;122.848;134.26
01/08/2013;122.855;134.266
02/08/2013;122.859;134.271
05/08/2013;122.864;134.276
06/08/2013;122.867;134.281
07/08/2013;122.871;134.286
08/08/2013;122.876;134.291
09/08/2013;122.881;134.296
12/08/2013;122.885;134.301
13/08/2013;122.89;134.306
14/08/2013;122.893;134.311
15/08/2013;122.896;134.316
16/08/2013;122.9;134.322
19/08/2013;122.905;134.327
20/08/2013;122.909;134.332
21/08/2013;122.914;134.337
22/08/2013;122.919;134.342
23/08/2013;122.923;134.347
26/08/2013;122.928;134.352
27/08/2013;122.933;134.357
28/08/2013;122.937;134.363
29/08/2013;122.942;134.368
30/08/2013;122.947;134.373
02/09/2013;122.951;134.378
03/09/2013;122.956;134.383
04/09/2013;122.961;134.388
05/09/2013;122.966;134.393
06/09/2013;122.97;134.398
09/09/2013;122.975;134.404
10/09/2013;122.98;134.409
11/09/2013;122.984;134.414
12/09/2013;122.989;134.419
13/09/2013;122.994;134.424
16/09/2013;122.999;134.429
17/09/2013;123.003;134.434
18/09/2013;123.008;134.44
19/09/2013;123.013;134.445
20/09/2013;123.017;134.45
23/09/2013;123.022;134.455
24/09/2013;123.027;134.46
25/09/2013;123.031;134.465
26/09/2013;123.036;134.47
27/09/2013;123.041;134.475
30/09/2013;123.045;134.481
01/10/2013;123.05;134.486
02/10/2013;123.055;134.491
03/10/2013;123.06;134.496
04/10/2013;123.064;134.501
07/10/2013;123.069;134.506
08/10/2013;123.074;134.511
09/10/2013;123.078;134.517
10/10/2013;123.083;134.522
11/10/2013;123.088;134.527
14/10/2013;123.092;134.532
15/10/2013;123.097;134.537
16/10/2013;123.102;134.542
17/10/2013;123.107;134.547
18/10/2013;123.111;134.552
21/10/2013;123.116;134.558
22/10/2013;123.121;134.563
23/10/2013;123.126;134.568
24/10/2013;123.13;134.573
25/10/2013;123.135;134.578
28/10/2013;123.14;134.583
29/10/2013;123.145;134.588
30/10/2013;123.149;134.594
31/10/2013;123.154;134.599
01/11/2013;123.158;134.604
04/11/2013;123.163;134.609
05/11/2013;123.168;134.614
06/11/2013;123.173;134.619
07/11/2013;123.177;134.624
08/11/2013;123.182;134.63
11/11/2013;123.186;134.635
12/11/2013;123.191;134.64
13/11/2013;123.196;134.645
14/11/2013;123.201;134.65
15/11/2013;123.206;134.655
18/11/2013;123.21;134.66
19/11/2013;123.215;134.665
20/11/2013;123.219;134.671
21/11/2013;123.224;134.676
22/11/2013;123.229;134.681
25/11/2013;123.234;134.686
26/11/2013;123.238;134.691
27/11/2013;123.243;134.696
28/11/2013;123.248;134.701
29/11/2013;123.253;134.707
02/12/2013;123.257;134.712
03/12/2013;123.262;134.717
04/12/2013;123.267;134.722
05/12/2013;123.271;134.727
06/12/2013;123.276;134.732
09/12/2013;123.281;134.737
10/12/2013;123.285;134.743
11/12/2013;123.29;134.748
12/12/2013;123.295;134.753
13/12/2013;123.3;134.758
16/12/2013;123.304;134.763
17/12/2013;123.309;134.768
18/12/2013;123.314;134.773
19/12/2013;123.318;134.779
20/12/2013;123.323;134.784
23/12/2013;123.328;134.789
24/12/2013;123.333;134.794
25/12/2013;123.337;134.799
26/12/2013;123.342;134.804
27/12/2013;123.347;134.809
30/12/2013;123.351;134.815
31/12/2013;123.356;134.82
01/01/2014;123.361;134.825
02/01/2014;123.365;134.83
03/01/2014;123.37;134.835
06/01/2014;123.375;134.84
07/01/2014;123.38;134.846
08/01/2014;123.384;134.851
09/01/2014;123.389;134.856
10/01/2014;123.394;134.861
13/01/2014;123.398;134.866
14/01/2014;123.403;134.871
15/01/2014;123.408;134.876
16/01/2014;123.413;134.882
17/01/2014;123.417;134.887
20/01/2014;123.422;134.892
21/01/2014;123.427;134.897
22/01/2014;123.431;134.902
23/01/2014;123.436;134.907
24/01/2014;123.441;134.912
27/01/2014;123.445;134.918
28/01/2014;123.45;134.923
29/01/2014;123.455;134.928
30/01/2014;123.46;134.933
31/01/2014;123.464;134.938
03/02/2014;123.469;134.943
04/02/2014;123.474;134.948
05/02/2014;123.478;134.954
06/02/2014;123.483;134.959
07/02/2014;123.488;134.964
10/02/2014;123.493;134.969
11/02/2014;123.497;134.974
12/02/2014;123.502;134.979
13/02/2014;123.507;134.985
14/02/2014;123.511;134.99
17/02/2014;123.516;134.995
18/02/2014;123.516;135
;;
