01/04/2016;152.376;152.376
04/04/2016;152.817;153.01
05/04/2016;152.85;153.341
06/04/2016;151.66;151.81
07/04/2016;150.888;151.348
08/04/2016;149.595;149.698
11/04/2016;149.892;150.417
12/04/2016;149.986;150.255
13/04/2016;150.806;151.244
14/04/2016;150.868;151.297
15/04/2016;150.598;150.858
18/04/2016;151.233;151.749
19/04/2016;149.526;149.809
20/04/2016;150.469;151.249
21/04/2016;149.554;150.21
22/04/2016;150;150.183
25/04/2016;152.155;152.561
26/04/2016;151.387;152.119
27/04/2016;150.289;150.591
28/04/2016;150.496;150.765
29/04/2016;151.67;151.626
02/05/2016;151.983;152.5
03/05/2016;152.371;152.848
04/05/2016;152.493;153.051
05/05/2016;153.031;153.47
06/05/2016;152.719;153.429
09/05/2016;153.127;153.493
10/05/2016;150.849;150.775
11/05/2016;149.582;149.915
12/05/2016;149.229;149.509
13/05/2016;149.514;149.836
16/05/2016;150.322;150.638
17/05/2016;150.078;150.295
18/05/2016;150.599;150.947
19/05/2016;149.849;149.66
20/05/2016;148.898;149.001
23/05/2016;148.411;148.325
24/05/2016;148.779;148.956
25/05/2016;150.561;150.795
26/05/2016;150.232;150.468
27/05/2016;149.195;149.697
30/05/2016;149.377;149.323
31/05/2016;151.516;151.662
01/06/2016;150.679;150.992
02/06/2016;150.229;150.378
03/06/2016;153.706;153.409
06/06/2016;154.44;154.706
07/06/2016;155.315;155.282
08/06/2016;154.668;154.581
09/06/2016;154.287;154.497
10/06/2016;152.708;152.863
13/06/2016;152.354;152.341
14/06/2016;150.455;150.379
15/06/2016;151.737;152.013
16/06/2016;152.076;152.54
17/06/2016;152.339;152.454
20/06/2016;152.344;153.14
21/06/2016;153.018;152.872
22/06/2016;152.363;152.782
23/06/2016;152.676;153.396
24/06/2016;153.634;154.126
27/06/2016;154.096;154.418
28/06/2016;155.292;155.384
29/06/2016;156.793;157.043
30/06/2016;156.19;156.733
01/07/2016;157.601;157.62
04/07/2016;157.502;157.647
05/07/2016;157.625;158.388
06/07/2016;156.258;156.656
07/07/2016;157.847;158.438
08/07/2016;157.212;157.43
11/07/2016;154.975;155.407
12/07/2016;153.028;152.742
13/07/2016;154.152;154.253
14/07/2016;155.31;155.829
15/07/2016;155.657;155.538
18/07/2016;155.07;155.457
19/07/2016;155.884;156.548
20/07/2016;156.281;156.997
21/07/2016;156.825;157.117
22/07/2016;156.404;156.921
25/07/2016;156.121;156.903
26/07/2016;156.859;157.634
27/07/2016;156.294;156.866
28/07/2016;157.842;157.984
29/07/2016;157.52;158.268
01/08/2016;156.118;156.726
02/08/2016;156.442;156.516
03/08/2016;156.654;157.267
04/08/2016;157.159;157.73
05/08/2016;159.245;159.194
08/08/2016;160.745;161.512
09/08/2016;161.526;161.978
10/08/2016;160.799;160.869
11/08/2016;162.445;163.037
12/08/2016;161.463;161.697
15/08/2016;163.524;163.773
16/08/2016;163.741;164.063
17/08/2016;165.791;165.973
18/08/2016;164.008;164.287
19/08/2016;164.789;165.217
22/08/2016;165.773;166.08
23/08/2016;164.966;165.169
24/08/2016;164.157;165.173
25/08/2016;163.192;163.526
26/08/2016;163.402;163.291
29/08/2016;163.912;163.758
30/08/2016;165.292;165.447
31/08/2016;165.547;165.425
01/09/2016;164.714;165.23
02/09/2016;162.274;162.423
05/09/2016;163.529;163.281
06/09/2016;164.25;164.264
07/09/2016;165.428;165.546
08/09/2016;164.823;164.916
09/09/2016;163.266;163.033
12/09/2016;165.057;165.507
13/09/2016;164.784;165.473
14/09/2016;167.641;168.094
15/09/2016;166.572;166.578
16/09/2016;164.848;165.169
19/09/2016;163.764;164.298
20/09/2016;162.195;162.323
21/09/2016;164.243;164.381
22/09/2016;164.921;165.466
23/09/2016;167.356;166.875
26/09/2016;167.681;167.962
27/09/2016;166.929;166.88
28/09/2016;167.453;167.314
29/09/2016;166.757;166.904
30/09/2016;165.961;165.971
03/10/2016;165.62;165.46
04/10/2016;165.49;165.417
05/10/2016;164.888;164.811
06/10/2016;165.696;165.864
07/10/2016;164.542;164.389
10/10/2016;165.129;165.323
11/10/2016;165.642;165.538
12/10/2016;165.383;165.942
13/10/2016;165.359;165.426
14/10/2016;165.702;165.411
17/10/2016;166.58;166.536
18/10/2016;163.962;164.027
19/10/2016;163.249;163.122
20/10/2016;161.384;161.412
21/10/2016;159.479;159.416
24/10/2016;159.194;159.115
25/10/2016;156.794;156.931
26/10/2016;156.213;156.428
27/10/2016;155.368;155.163
28/10/2016;157.96;158.177
31/10/2016;158.618;158.287
01/11/2016;158.16;158.655
02/11/2016;157.993;158.408
03/11/2016;157.353;157.439
04/11/2016;155.554;155.435
07/11/2016;156.714;156.879
08/11/2016;157.028;157.231
09/11/2016;158.64;158.481
10/11/2016;155.734;155.99
11/11/2016;154.199;154.368
14/11/2016;153.661;154.026
15/11/2016;152.716;152.954
16/11/2016;151.709;151.477
17/11/2016;152.888;153.149
18/11/2016;150.991;151.385
21/11/2016;149.396;149.319
22/11/2016;150.54;150.573
23/11/2016;150.218;149.885
24/11/2016;151.496;151.749
25/11/2016;152.237;152.888
28/11/2016;151.659;151.145
29/11/2016;150.559;150.3
30/11/2016;149.537;149.209
01/12/2016;148.729;148.679
02/12/2016;149.42;149.617
05/12/2016;148.951;148.753
06/12/2016;150.995;150.771
07/12/2016;151.597;151.845
08/12/2016;151.352;151.211
09/12/2016;153.18;153.359
12/12/2016;154.301;154.089
13/12/2016;154.097;153.614
14/12/2016;153.287;153.264
15/12/2016;152.793;152.953
16/12/2016;152.325;152.325
19/12/2016;153.045;153.261
20/12/2016;151.777;151.522
21/12/2016;150.262;149.958
22/12/2016;151.318;151.164
23/12/2016;151.524;151.826
26/12/2016;151.35;151.596
27/12/2016;150.835;150.584
28/12/2016;150.528;151.082
29/12/2016;151.301;150.962
30/12/2016;149.582;149.848
02/01/2017;147.75;148.019
03/01/2017;147.54;147.259
04/01/2017;147.822;147.474
05/01/2017;148.351;148.569
06/01/2017;148.794;148.685
09/01/2017;149.652;149.375
10/01/2017;149.01;148.912
11/01/2017;148.681;148.6
12/01/2017;148.835;148.798
13/01/2017;149.504;149.424
16/01/2017;147.315;147.443
17/01/2017;146.539;147.229
18/01/2017;146.67;146.546
19/01/2017;145.181;145.011
20/01/2017;145.091;144.855
23/01/2017;146.646;146.514
24/01/2017;145.91;145.774
25/01/2017;146.187;146.111
26/01/2017;148.197;148.257
27/01/2017;147.856;148.157
30/01/2017;146.227;146.287
31/01/2017;146.026;145.973
01/02/2017;147.445;147.043
02/02/2017;148.727;148.565
03/02/2017;149.493;149.76
06/02/2017;149.73;149.552
07/02/2017;149.512;149.732
08/02/2017;149.676;150.105
09/02/2017;149.509;149.451
10/02/2017;148.954;148.885
13/02/2017;147.854;147.888
14/02/2017;147.166;146.99
15/02/2017;147.657;147.944
16/02/2017;147.47;147.455
17/02/2017;147.054;146.815
20/02/2017;147.272;147.049
21/02/2017;146.298;146.349
22/02/2017;145.806;145.915
23/02/2017;144.968;144.762
24/02/2017;146.211;146.124
27/02/2017;147.332;147.496
28/02/2017;146.031;145.958
01/03/2017;146.42;146.578
02/03/2017;145.957;146.02
03/03/2017;148.234;147.965
06/03/2017;148.181;148.274
07/03/2017;148.531;148.501
08/03/2017;147.551;147.694
09/03/2017;148.177;148.18
10/03/2017;148.618;148.935
13/03/2017;149.658;149.663
14/03/2017;148.346;147.808
15/03/2017;148.592;148.446
16/03/2017;146.942;147.501
17/03/2017;146.783;146.564
20/03/2017;146.332;146.239
21/03/2017;146.918;147.177
22/03/2017;146.923;146.843
23/03/2017;146.708;147.06
24/03/2017;147.495;147.671
27/03/2017;148.263;148.297
28/03/2017;148.473;148.827
29/03/2017;149.273;149.289
30/03/2017;149.707;149.753
31/03/2017;148.925;148.838
03/04/2017;147.544;147.473
04/04/2017;149.261;149.174
05/04/2017;148.066;148.057
06/04/2017;147.173;147.225
07/04/2017;147.36;147.257
10/04/2017;147.523;147.337
11/04/2017;146.444;146.264
12/04/2017;146.439;146.263
13/04/2017;145.908;145.979
14/04/2017;144.974;145.358
17/04/2017;145.278;145.301
18/04/2017;145.134;145.219
19/04/2017;144.138;144.12
20/04/2017;143.488;143.35
21/04/2017;144.057;143.751
24/04/2017;145.422;145.187
25/04/2017;145.266;145.107
26/04/2017;145.109;145.083
27/04/2017;144.301;144.487
28/04/2017;142.824;142.674
01/05/2017;144.822;144.915
02/05/2017;144.816;144.792
03/05/2017;145.863;145.818
04/05/2017;145.989;146.052
05/05/2017;144.745;144.557
08/05/2017;144.744;144.67
09/05/2017;145.632;145.065
10/05/2017;143.482;143.18
11/05/2017;143.297;143.246
12/05/2017;143.462;143.105
15/05/2017;144.182;143.858
16/05/2017;144.763;145.021
17/05/2017;145.304;145.343
18/05/2017;146.783;146.573
19/05/2017;148.043;147.904
22/05/2017;146.641;146.891
23/05/2017;147.937;148.004
24/05/2017;150.361;150.437
25/05/2017;150.647;150.708
26/05/2017;151.607;151.816
29/05/2017;150.608;150.513
30/05/2017;150.822;150.736
31/05/2017;149.947;150.106
01/06/2017;148.48;148.493
02/06/2017;148.904;148.8
05/06/2017;150.321;150.327
06/06/2017;150.642;150.372
07/06/2017;151.171;150.938
08/06/2017;152.473;152.755
09/06/2017;150.977;151.506
12/06/2017;151.268;151.191
13/06/2017;151.758;151.813
14/06/2017;153.412;153.499
15/06/2017;152.38;152.425
16/06/2017;152.797;153.012
19/06/2017;152.625;152.883
20/06/2017;152.217;152.442
21/06/2017;153.33;153.168
22/06/2017;155.392;155.287
23/06/2017;157.798;157.531
26/06/2017;159.208;159.075
27/06/2017;158.4;158.528
28/06/2017;159.161;159.233
29/06/2017;158.224;158.608
30/06/2017;158.828;158.956
03/07/2017;159.604;159.707
04/07/2017;158.471;158.498
05/07/2017;161.218;161.841
06/07/2017;162.062;162.639
07/07/2017;160.289;160.405
10/07/2017;158.38;158.374
11/07/2017;156.731;156.883
12/07/2017;156.471;156.82
13/07/2017;155.469;156.073
14/07/2017;154.367;154.2
17/07/2017;153.46;153.581
18/07/2017;153.784;153.946
19/07/2017;155.788;155.775
20/07/2017;156.001;156.167
21/07/2017;154.967;155.455
24/07/2017;153.209;153.614
25/07/2017;153.961;154.384
26/07/2017;152.658;152.888
27/07/2017;152.434;152.705
28/07/2017;153.664;153.448
31/07/2017;153.846;154.251
01/08/2017;154.56;154.916
02/08/2017;155.048;154.691
03/08/2017;155.178;155.609
04/08/2017;155.949;156.152
07/08/2017;156.596;156.91
08/08/2017;155.148;155.043
09/08/2017;154.997;155.051
10/08/2017;155.462;155.555
11/08/2017;155.831;156.317
14/08/2017;156.124;156.088
15/08/2017;155.232;155.486
16/08/2017;155.319;154.966
17/08/2017;155.52;155.937
18/08/2017;153.699;153.695
21/08/2017;153.275;153.593
22/08/2017;152.141;152.371
23/08/2017;152.756;152.874
24/08/2017;152.425;152.777
25/08/2017;151.775;151.579
28/08/2017;150.98;151.198
29/08/2017;152.07;152.227
30/08/2017;151.387;151.287
31/08/2017;152.269;152.034
01/09/2017;153.177;152.998
04/09/2017;153.522;153.887
05/09/2017;154.008;153.931
06/09/2017;155.336;155.565
07/09/2017;155.188;155.373
08/09/2017;154.817;154.641
11/09/2017;153.573;153.505
12/09/2017;154.316;154.103
13/09/2017;154.417;154.591
14/09/2017;155.554;155.944
15/09/2017;153.896;153.929
18/09/2017;155.34;155.094
19/09/2017;156.758;157.089
20/09/2017;155.215;155.235
21/09/2017;155.923;155.589
22/09/2017;155.114;154.987
25/09/2017;155.325;155.74
26/09/2017;155.713;155.768
27/09/2017;154.806;155.023
28/09/2017;155.151;155.095
29/09/2017;157.194;157.258
02/10/2017;157.852;157.817
03/10/2017;157.79;157.494
04/10/2017;158.815;158.73
05/10/2017;157.914;157.591
06/10/2017;157.849;157.72
09/10/2017;158.495;158.613
10/10/2017;157.531;157.58
11/10/2017;158.047;157.529
12/10/2017;157.033;156.939
13/10/2017;156.629;156.679
16/10/2017;156.36;156.338
17/10/2017;157.903;158.012
18/10/2017;159.421;159.378
19/10/2017;160.191;159.683
20/10/2017;158.654;158.258
23/10/2017;158.738;158.677
24/10/2017;158.961;159.07
25/10/2017;158.961;158.541
26/10/2017;158.275;158.156
27/10/2017;156.72;156.497
30/10/2017;157.518;157.305
31/10/2017;158.231;158.357
01/11/2017;159.55;159.513
02/11/2017;156.707;156.457
03/11/2017;156.699;156.482
06/11/2017;153.417;153.434
07/11/2017;154.727;154.475
08/11/2017;154.095;154.081
09/11/2017;153.496;153.154
10/11/2017;154.867;154.554
13/11/2017;154.5;154.492
14/11/2017;153.819;153.732
15/11/2017;152.238;152.35
16/11/2017;153.411;153.247
17/11/2017;152.082;151.806
20/11/2017;153.876;153.874
21/11/2017;153.409;153.03
22/11/2017;152.058;152.064
23/11/2017;151.413;150.891
24/11/2017;152.168;151.749
27/11/2017;152.132;151.734
28/11/2017;152.157;152.008
29/11/2017;152.062;151.842
30/11/2017;153.738;153.461
01/12/2017;155.26;154.935
04/12/2017;153.508;153.274
05/12/2017;154.44;154.124
06/12/2017;155.401;155.245
07/12/2017;156.384;156.028
08/12/2017;154.891;154.95
11/12/2017;155.958;155.891
12/12/2017;155.32;155.047
13/12/2017;156.003;155.854
14/12/2017;154.68;154.472
15/12/2017;154;153.538
18/12/2017;156.031;155.963
19/12/2017;157.816;157.686
20/12/2017;157.403;157.094
21/12/2017;156.931;156.872
22/12/2017;156.317;156.155
25/12/2017;157.796;157.078
26/12/2017;156.51;156.226
27/12/2017;156.099;155.978
28/12/2017;157.334;156.944
29/12/2017;159.062;158.777
01/01/2018;159.122;158.934
02/01/2018;156.959;157.056
03/01/2018;157.312;156.928
04/01/2018;156.713;156.518
05/01/2018;156.96;157.382
08/01/2018;155.715;155.285
09/01/2018;155.658;155.449
10/01/2018;155.716;155.529
11/01/2018;154.228;154.089
12/01/2018;154.506;154.042
15/01/2018;154.948;154.876
16/01/2018;152.776;152.595
17/01/2018;149.623;149.669
18/01/2018;149.537;149.656
19/01/2018;150.869;150.588
22/01/2018;149.458;149.422
23/01/2018;149.261;149.655
24/01/2018;149.088;148.763
25/01/2018;150.606;150.009
26/01/2018;150.887;150.718
29/01/2018;150.52;150.338
30/01/2018;149.257;148.805
31/01/2018;148.099;147.993
01/02/2018;147.925;147.919
02/02/2018;148.262;147.938
05/02/2018;148.337;148.051
06/02/2018;146.861;146.565
07/02/2018;145.216;144.907
08/02/2018;146.017;145.752
09/02/2018;145.589;145.491
12/02/2018;146.029;145.574
13/02/2018;146.8;146.446
14/02/2018;147.68;147.154
15/02/2018;148.217;147.805
16/02/2018;147.507;147.425
19/02/2018;148.881;148.827
20/02/2018;148.183;147.899
21/02/2018;147.815;147.5
22/02/2018;146.888;146.49
23/02/2018;146.54;146.159
26/02/2018;146.736;146.578
27/02/2018;146.258;145.67
28/02/2018;147.697;147.493
01/03/2018;146.061;145.673
02/03/2018;146.363;145.946
05/03/2018;145.349;145.287
06/03/2018;146.085;145.918
07/03/2018;145.39;145.089
08/03/2018;145.654;145.176
09/03/2018;144.969;144.748
12/03/2018;145.074;144.969
13/03/2018;144.206;143.854
14/03/2018;143.529;142.926
15/03/2018;143.77;143.461
16/03/2018;144.033;143.632
19/03/2018;145.069;144.958
20/03/2018;144.95;144.44
21/03/2018;145.399;145.018
22/03/2018;145.769;145.255
23/03/2018;146.151;145.821
26/03/2018;146.282;146.004
27/03/2018;145.972;145.595
28/03/2018;145.74;145.363
29/03/2018;145.409;144.958
30/03/2018;144.879;144.597
02/04/2018;144.411;144.123
03/04/2018;143.222;142.768
04/04/2018;142.951;142.517
05/04/2018;144.232;143.73
06/04/2018;143.915;143.968
09/04/2018;142.999;142.64
10/04/2018;142.578;142.161
11/04/2018;142.49;142.085
12/04/2018;143.136;142.782
13/04/2018;143.877;143.521
16/04/2018;143.812;143.512
17/04/2018;144.131;143.847
18/04/2018;143.637;143.197
19/04/2018;143.71;143.172
20/04/2018;143.042;142.845
23/04/2018;142.567;142.054
24/04/2018;141.822;141.216
25/04/2018;142.217;141.918
26/04/2018;142.643;142.177
27/04/2018;142.538;142.114
30/04/2018;143.208;142.658
01/05/2018;144.012;143.577
02/05/2018;143.675;143.039
03/05/2018;143.59;143.354
04/05/2018;142.923;142.284
07/05/2018;143.021;142.621
08/05/2018;144.138;143.404
09/05/2018;143.18;142.938
10/05/2018;144.061;143.328
11/05/2018;143.913;143.443
14/05/2018;142.693;142.025
15/05/2018;142.332;141.848
16/05/2018;142.545;142.157
17/05/2018;142.691;142.331
18/05/2018;143.664;143.233
21/05/2018;143.724;143.461
22/05/2018;143.18;142.567
23/05/2018;144.13;143.562
24/05/2018;144.079;143.618
25/05/2018;143.147;142.517
28/05/2018;142.559;142.207
29/05/2018;141.585;140.78
30/05/2018;141.646;141.021
31/05/2018;142.13;141.75
01/06/2018;142.444;142.039
04/06/2018;141.953;141.547
05/06/2018;141.058;140.626
06/06/2018;140.391;139.895
07/06/2018;140.59;140.041
08/06/2018;140.052;139.444
11/06/2018;140.199;139.648
12/06/2018;139.999;139.294
13/06/2018;140.439;140.024
14/06/2018;139.968;139.086
15/06/2018;139.792;139.013
18/06/2018;140.345;139.696
19/06/2018;140.863;140.076
20/06/2018;139.86;139.24
21/06/2018;140.772;140.144
22/06/2018;141.24;140.953
25/06/2018;142.434;141.604
26/06/2018;141.943;141.272
27/06/2018;142.905;142.065
28/06/2018;143.596;142.965
29/06/2018;144.779;144.009
02/07/2018;144.013;143.269
03/07/2018;144.041;143.535
04/07/2018;144.277;143.626
05/07/2018;145.369;144.749
06/07/2018;145.095;144.518
09/07/2018;144.787;144.12
10/07/2018;145.008;144.132
11/07/2018;144.097;143.544
12/07/2018;143.158;142.74
13/07/2018;143.306;142.882
16/07/2018;144.117;143.728
17/07/2018;144.047;143.237
18/07/2018;143.003;142.413
19/07/2018;142.831;142.255
20/07/2018;142.825;142.131
23/07/2018;141.161;140.709
24/07/2018;140.467;139.838
25/07/2018;140.651;140.053
26/07/2018;140.417;139.612
27/07/2018;140.664;139.977
30/07/2018;141.274;140.62
31/07/2018;141.011;140.407
01/08/2018;140.09;139.68
02/08/2018;140.32;139.99
03/08/2018;141.266;140.855
06/08/2018;141.422;140.948
07/08/2018;142.5;141.636
08/08/2018;143.843;143.356
09/08/2018;145.132;144.582
10/08/2018;144.185;143.538
13/08/2018;144.293;143.92
14/08/2018;144.381;143.875
15/08/2018;144.086;143.086
16/08/2018;142.067;141.326
17/08/2018;142.348;141.78
20/08/2018;141.791;141.011
21/08/2018;142.822;142.118
22/08/2018;141.946;141.216
23/08/2018;141.409;140.912
24/08/2018;141.037;140.509
27/08/2018;140.758;140.229
28/08/2018;140.224;139.619
29/08/2018;139.846;139.26
30/08/2018;139.603;139.068
31/08/2018;139.44;138.939
03/09/2018;139.091;138.55
04/09/2018;139.599;138.879
05/09/2018;139.308;138.503
06/09/2018;139.761;139.098
07/09/2018;140.471;139.641
10/09/2018;140.004;139.356
11/09/2018;140.293;139.561
12/09/2018;141.723;141.049
13/09/2018;142.112;141.174
14/09/2018;141.66;141.038
17/09/2018;142.069;141.665
18/09/2018;143.921;143.181
19/09/2018;143.433;142.938
20/09/2018;142.877;142.091
21/09/2018;142.801;142.382
24/09/2018;143.164;142.752
25/09/2018;143.788;143.102
26/09/2018;144.719;144.543
27/09/2018;144.029;143.302
28/09/2018;144.316;143.622
01/10/2018;145.73;145.396
02/10/2018;145.174;144.702
03/10/2018;146.092;145.824
04/10/2018;146.738;146.278
05/10/2018;149.179;148.757
08/10/2018;148.424;147.944
09/10/2018;148.677;148.339
10/10/2018;148.091;147.482
11/10/2018;147.519;147
12/10/2018;148.465;147.805
15/10/2018;148.815;148.203
16/10/2018;149.363;148.839
17/10/2018;149.82;149.304
18/10/2018;149.248;148.689
19/10/2018;148.429;147.933
22/10/2018;149.337;148.475
23/10/2018;148.099;147.514
24/10/2018;148.746;148.147
25/10/2018;150.306;149.67
26/10/2018;149.875;149.709
29/10/2018;149.544;148.859
30/10/2018;148.551;148.2
31/10/2018;147.87;147.281
01/11/2018;147.132;146.547
02/11/2018;147.528;146.866
05/11/2018;146.381;145.524
06/11/2018;146.126;145.309
07/11/2018;147.154;146.499
08/11/2018;146.847;145.963
09/11/2018;145.164;144.619
12/11/2018;145.534;144.699
13/11/2018;144.583;143.855
14/11/2018;144.872;144.202
15/11/2018;144.376;143.687
16/11/2018;144.153;143.72
19/11/2018;144.258;143.43
20/11/2018;143.472;142.77
21/11/2018;143.249;142.61
22/11/2018;143.842;142.952
23/11/2018;143.408;142.742
26/11/2018;143.394;142.9
27/11/2018;142.762;141.898
28/11/2018;142.033;140.954
29/11/2018;141.626;140.861
30/11/2018;141.898;141.031
03/12/2018;142.05;141.059
04/12/2018;142.28;141.391
05/12/2018;142.008;141.265
06/12/2018;142.77;141.816
07/12/2018;143.702;142.684
10/12/2018;144.556;143.872
11/12/2018;145.009;144.277
12/12/2018;145.439;144.527
13/12/2018;147.649;146.757
14/12/2018;147.277;146.61
17/12/2018;147.162;146.284
18/12/2018;145.735;144.783
19/12/2018;144.842;143.911
20/12/2018;145.536;144.57
21/12/2018;146.606;145.655
24/12/2018;146.752;146.004
25/12/2018;145.622;144.838
26/12/2018;144.412;143.483
27/12/2018;143.306;142.551
28/12/2018;143.763;142.934
31/12/2018;142.869;142.11
01/01/2019;142.104;140.999
02/01/2019;142.007;141.33
03/01/2019;142.818;141.854
04/01/2019;143.024;142.156
07/01/2019;141.712;141.031
08/01/2019;142.421;141.627
09/01/2019;143.097;142.244
10/01/2019;142.956;142.065
11/01/2019;143.609;142.778
14/01/2019;143.713;143.033
15/01/2019;144.342;143.68
16/01/2019;144.018;143.162
17/01/2019;144.908;144.139
18/01/2019;145.615;144.861
21/01/2019;146.528;145.472
22/01/2019;144.979;144.189
23/01/2019;144.538;143.847
24/01/2019;144.758;144.014
25/01/2019;145.593;144.773
28/01/2019;145.624;144.868
29/01/2019;145.65;144.858
30/01/2019;145.667;144.637
31/01/2019;145.713;145.009
01/02/2019;146.137;145.152
04/02/2019;146.427;145.323
05/02/2019;146.303;145.518
06/02/2019;147.172;146.472
07/02/2019;146.968;146.049
08/02/2019;146.313;145.473
11/02/2019;146.632;145.921
12/02/2019;147.37;146.456
13/02/2019;145.9;145.387
14/02/2019;146.91;145.828
15/02/2019;146.723;145.935
18/02/2019;147.371;146.677
19/02/2019;147.857;147.201
20/02/2019;148.905;148.138
21/02/2019;147.871;147.055
22/02/2019;147.84;147.162
25/02/2019;147.45;146.841
26/02/2019;146.002;145.515
27/02/2019;145.958;145.205
28/02/2019;146.586;145.574
01/03/2019;145.6;144.905
04/03/2019;147.936;147.323
05/03/2019;148.175;147.507
06/03/2019;147.819;146.966
07/03/2019;147.581;146.896
08/03/2019;147.475;146.694
11/03/2019;146.486;145.915
12/03/2019;145.318;144.699
13/03/2019;143.681;142.879
14/03/2019;143.759;143.076
15/03/2019;143.653;142.835
18/03/2019;142.707;141.733
19/03/2019;142.99;141.899
20/03/2019;143.006;141.998
21/03/2019;144.402;143.554
22/03/2019;145.011;143.81
25/03/2019;145.708;144.923
26/03/2019;146.353;145.482
27/03/2019;144.851;144.307
28/03/2019;146.031;145.301
29/03/2019;144.458;143.613
01/04/2019;143.362;142.529
02/04/2019;144.141;143.631
03/04/2019;144.399;143.283
04/04/2019;143.921;142.988
05/04/2019;143.275;142.595
08/04/2019;143.121;142.241
09/04/2019;143.223;142.532
10/04/2019;142.114;141.168
11/04/2019;141.596;140.821
12/04/2019;140.563;139.964
15/04/2019;140.515;139.851
16/04/2019;141.043;140.424
17/04/2019;141.326;140.68
18/04/2019;140.978;140.282
19/04/2019;141.685;141.089
22/04/2019;140.656;140.049
23/04/2019;140.356;139.554
24/04/2019;139.267;138.415
25/04/2019;138.966;138.247
26/04/2019;138.962;138.063
29/04/2019;139.163;138.442
30/04/2019;138.934;138.358
01/05/2019;139.657;138.723
02/05/2019;139.564;138.537
03/05/2019;140.347;139.474
06/05/2019;140.936;140.057
07/05/2019;141.913;141.237
08/05/2019;141.763;140.929
09/05/2019;141.43;140.449
10/05/2019;141.105;140.489
13/05/2019;140.793;140.001
14/05/2019;140.427;139.556
15/05/2019;140.582;139.849
16/05/2019;141.08;140.223
17/05/2019;142.267;141.627
20/05/2019;143.071;142.402
21/05/2019;143.052;142.221
22/05/2019;142.506;141.708
23/05/2019;143.06;142.479
24/05/2019;143.427;142.572
27/05/2019;143.337;142.366
28/05/2019;144.316;143.671
29/05/2019;146.049;145.404
30/05/2019;146.583;145.727
31/05/2019;146.133;145.391
03/06/2019;146.276;145.435
04/06/2019;146.075;145.059
05/06/2019;146.03;145.23
06/06/2019;147.089;146.325
07/06/2019;146.782;145.723
10/06/2019;146.091;145.109
11/06/2019;145.922;145.042
12/06/2019;145.023;143.851
13/06/2019;145.295;144.303
14/06/2019;144.756;143.989
17/06/2019;145.01;144.12
18/06/2019;144.181;143.19
19/06/2019;144.101;143.122
20/06/2019;144.634;143.603
21/06/2019;145.235;144.477
24/06/2019;146.646;146.124
25/06/2019;147.042;146.093
26/06/2019;146.391;145.431
27/06/2019;146.298;145.289
28/06/2019;146.021;144.927
01/07/2019;146.023;145.128
02/07/2019;146.381;145.479
03/07/2019;146.207;145.229
04/07/2019;144.679;143.869
05/07/2019;145.656;145.007
08/07/2019;146.16;145.244
09/07/2019;146.224;145.283
10/07/2019;146.516;145.555
11/07/2019;145.866;144.86
12/07/2019;146.193;145.273
15/07/2019;146.492;145.668
16/07/2019;146.535;145.716
17/07/2019;145.089;144.009
18/07/2019;146.375;145.375
19/07/2019;145.793;144.859
22/07/2019;144.241;143.335
23/07/2019;144.737;143.797
24/07/2019;145.349;144.072
25/07/2019;145.737;144.768
26/07/2019;145.25;144.444
29/07/2019;144.153;143.163
30/07/2019;144.257;143.231
31/07/2019;144.977;143.865
01/08/2019;145.7;144.734
02/08/2019;146.419;145.29
05/08/2019;146.911;145.927
06/08/2019;147.389;146.296
07/08/2019;149.049;147.974
08/08/2019;148.722;147.47
09/08/2019;149.331;148.18
12/08/2019;149.033;148.09
13/08/2019;149.671;148.382
14/08/2019;147.839;147.048
15/08/2019;146.315;145.046
16/08/2019;145.525;144.738
19/08/2019;145.252;144.3
20/08/2019;145.02;144.118
21/08/2019;145.455;144.231
22/08/2019;145.92;144.644
23/08/2019;145.98;144.947
26/08/2019;145.872;145.186
27/08/2019;146.787;145.584
28/08/2019;148.502;147.485
29/08/2019;148.533;147.474
30/08/2019;147.243;146.167
02/09/2019;146.658;145.425
03/09/2019;147.012;145.815
04/09/2019;147.425;146.576
05/09/2019;146.174;145.16
06/09/2019;145.674;144.62
09/09/2019;145.416;144.238
10/09/2019;145.821;144.679
11/09/2019;145.022;144.389
12/09/2019;145.093;143.783
13/09/2019;144.775;143.407
16/09/2019;145.868;144.804
17/09/2019;146.665;145.72
18/09/2019;146.496;145.365
19/09/2019;145.493;144.281
20/09/2019;144.801;143.805
23/09/2019;144.765;143.592
24/09/2019;144.857;143.505
25/09/2019;145.92;144.63
26/09/2019;145.529;144.244
27/09/2019;145.105;143.916
30/09/2019;144.767;143.533
01/10/2019;143.838;142.82
02/10/2019;142.332;141.203
03/10/2019;141.288;140.262
04/10/2019;141.713;140.722
07/10/2019;142.057;140.843
08/10/2019;141.314;140.195
09/10/2019;140.582;139.461
10/10/2019;140.53;139.355
11/10/2019;141.623;140.578
14/10/2019;140.971;139.939
15/10/2019;140.935;139.719
16/10/2019;142.312;141.389
17/10/2019;141.994;140.941
18/10/2019;141.573;140.506
21/10/2019;141.635;140.592
22/10/2019;141.048;139.85
23/10/2019;141.276;140.008
24/10/2019;142.217;141.09
25/10/2019;142.258;141.078
28/10/2019;141.879;140.854
29/10/2019;141.799;140.583
30/10/2019;143.389;142.334
31/10/2019;144.216;143.01
01/11/2019;144.661;143.455
04/11/2019;145.424;144.45
05/11/2019;145.566;144.337
06/11/2019;145.717;144.6
07/11/2019;146.089;145.019
08/11/2019;146.08;144.764
11/11/2019;146.367;145.113
12/11/2019;146.79;145.596
13/11/2019;147.046;145.661
14/11/2019;147.315;145.981
15/11/2019;146.967;145.742
18/11/2019;147.038;145.788
19/11/2019;147.977;146.72
20/11/2019;148.805;147.654
21/11/2019;148.126;146.776
22/11/2019;147.855;146.678
25/11/2019;148.912;147.636
26/11/2019;149.08;147.792
27/11/2019;148.638;147.299
28/11/2019;149.077;147.98
29/11/2019;150.693;149.441
02/12/2019;151.904;150.818
03/12/2019;151.486;150.404
04/12/2019;152.861;151.902
05/12/2019;152.621;151.368
06/12/2019;153.734;152.583
09/12/2019;154.86;153.84
10/12/2019;154.496;153.394
11/12/2019;153.596;152.43
12/12/2019;153.654;152.374
13/12/2019;153.583;152.297
16/12/2019;153.715;152.663
17/12/2019;152.146;150.945
18/12/2019;151.7;150.439
19/12/2019;151.647;150.623
20/12/2019;150.404;149.225
23/12/2019;150.041;148.95
24/12/2019;148.507;147.565
25/12/2019;148.521;147.619
26/12/2019;149.041;147.838
27/12/2019;149.272;147.995
30/12/2019;150.395;149.204
31/12/2019;149.915;148.857
01/01/2020;149.752;148.352
02/01/2020;148.946;147.681
03/01/2020;149.993;149.114
06/01/2020;148.618;147.461
07/01/2020;149.369;148.189
08/01/2020;149.366;148.196
09/01/2020;149.954;148.771
10/01/2020;149.292;148.022
13/01/2020;149.374;147.975
14/01/2020;150.531;149.496
15/01/2020;150.787;149.458
16/01/2020;150.289;148.945
17/01/2020;150.172;148.903
20/01/2020;149.368;148.101
21/01/2020;149.763;148.739
22/01/2020;149.456;148.068
23/01/2020;149.569;148.451
24/01/2020;151.491;150.3
27/01/2020;150.867;149.914
28/01/2020;153.484;152.477
29/01/2020;154.169;152.999
30/01/2020;154.391;153.275
31/01/2020;153.539;152.421
03/02/2020;153.128;151.729
04/02/2020;154.302;153.142
05/02/2020;154.644;153.544
06/02/2020;153.525;152.4
07/02/2020;153.629;152.334
10/02/2020;153.244;152.084
11/02/2020;152.163;151.122
12/02/2020;152.272;151.229
13/02/2020;151.432;150.153
14/02/2020;152.709;151.675
17/02/2020;153.51;152.296
18/02/2020;153.613;152.632
19/02/2020;151.391;150.19
20/02/2020;150.946;150.016
21/02/2020;150.527;149.124
24/02/2020;149.795;148.624
25/02/2020;148.827;147.756
26/02/2020;148.54;147.165
27/02/2020;149.016;147.828
28/02/2020;148.075;146.878
02/03/2020;148.511;147.196
03/03/2020;147.754;146.616
04/03/2020;149.082;148.002
05/03/2020;148.048;146.9
06/03/2020;146.666;145.617
09/03/2020;146.237;145.225
10/03/2020;145.493;144.352
11/03/2020;145.27;144.319
12/03/2020;146.107;145.131
13/03/2020;144.932;143.97
16/03/2020;145.103;144.049
17/03/2020;145.765;144.534
18/03/2020;146.764;145.927
19/03/2020;147.261;145.812
20/03/2020;148.265;146.911
23/03/2020;146.285;145.329
24/03/2020;145.534;144.397
25/03/2020;145.427;144.293
26/03/2020;144.771;143.636
27/03/2020;145.566;144.483
30/03/2020;145.667;144.433
31/03/2020;145.13;144.126
01/04/2020;144.458;143.22
02/04/2020;143.298;142.149
03/04/2020;144.504;143.241
06/04/2020;143.058;141.793
07/04/2020;142.928;141.706
08/04/2020;143.43;142.466
09/04/2020;143.714;142.796
10/04/2020;143.4;142.201
13/04/2020;144.234;143.222
14/04/2020;143.743;142.459
15/04/2020;144.354;143.234
16/04/2020;143.029;141.685
17/04/2020;143.911;142.748
20/04/2020;144.114;143.074
21/04/2020;144.268;142.746
22/04/2020;145.239;143.848
23/04/2020;145.409;144.132
24/04/2020;145.164;144.14
27/04/2020;144.81;143.657
28/04/2020;144.427;143.449
29/04/2020;143.907;142.817
30/04/2020;143.062;141.928
01/05/2020;141.395;140.342
04/05/2020;142.105;140.939
05/05/2020;141.888;140.843
06/05/2020;141.776;140.686
07/05/2020;141.742;140.526
08/05/2020;142.217;141.238
11/05/2020;142.836;141.663
12/05/2020;141.681;140.599
13/05/2020;140.947;139.879
14/05/2020;140.977;139.836
15/05/2020;141.21;140.16
18/05/2020;140.222;139.208
19/05/2020;141.149;140.056
20/05/2020;140.744;139.599
21/05/2020;140.953;139.839
22/05/2020;140.914;139.757
25/05/2020;140.38;139.322
26/05/2020;139.876;138.678
27/05/2020;139.581;138.645
28/05/2020;139.76;138.748
29/05/2020;139.435;138.234
01/06/2020;139.766;138.54
02/06/2020;140.166;139.079
03/06/2020;140.164;139.093
04/06/2020;139.591;138.524
05/06/2020;139.287;138.096
08/06/2020;139.312;138.132
09/06/2020;139.344;138.228
10/06/2020;138.099;137.004
11/06/2020;138.239;137.156
12/06/2020;138.559;137.384
15/06/2020;138.3;137.123
16/06/2020;137.438;136.326
17/06/2020;137.643;136.696
18/06/2020;137.794;136.672
19/06/2020;137.121;135.903
22/06/2020;137.752;136.483
23/06/2020;137.505;136.439
24/06/2020;138.128;136.842
25/06/2020;138.416;137.258
26/06/2020;138.315;137.183
29/06/2020;138.128;136.962
30/06/2020;138.19;137.125
01/07/2020;138.206;136.919
02/07/2020;138.326;137.253
03/07/2020;138.07;136.877
06/07/2020;138.264;137.112
07/07/2020;137.787;136.614
08/07/2020;137.664;136.301
09/07/2020;136.973;135.79
10/07/2020;137.605;136.481
13/07/2020;137.55;136.332
14/07/2020;137.186;136.046
15/07/2020;136.582;135.389
16/07/2020;136.754;135.572
17/07/2020;136.909;135.585
20/07/2020;136.586;135.4
21/07/2020;137.041;136.017
22/07/2020;137.326;136.217
23/07/2020;137.152;135.938
24/07/2020;136.756;135.457
27/07/2020;136.7;135.539
28/07/2020;136.578;135.235
29/07/2020;135.949;134.728
30/07/2020;135.225;134.061
31/07/2020;135.675;134.572
03/08/2020;135.557;134.347
04/08/2020;135.635;134.542
05/08/2020;136.255;134.977
06/08/2020;136.277;135.177
07/08/2020;137.442;136.449
10/08/2020;137.11;136.128
11/08/2020;137.166;136.106
12/08/2020;137.074;135.963
13/08/2020;137.016;135.919
14/08/2020;136.253;135.207
17/08/2020;136.143;135.027
18/08/2020;136.232;135.186
19/08/2020;136.709;135.705
20/08/2020;136.86;135.732
21/08/2020;136.422;135.237
24/08/2020;136.811;135.72
25/08/2020;136.682;135.534
26/08/2020;136.844;135.676
27/08/2020;137.264;136.208
28/08/2020;137.434;136.326
31/08/2020;137.602;136.474
01/09/2020;137.797;136.638
02/09/2020;136.729;135.685
03/09/2020;136.532;135.473
04/09/2020;136.791;135.698
07/09/2020;136.538;135.375
08/09/2020;136.229;135.116
09/09/2020;136.275;135.177
10/09/2020;137.021;135.919
11/09/2020;136.868;135.605
14/09/2020;136.816;135.71
15/09/2020;135.803;134.563
16/09/2020;136.22;135.215
17/09/2020;136.226;135.143
18/09/2020;135.584;134.599
21/09/2020;135.59;134.543
22/09/2020;135.367;134.294
23/09/2020;135.792;134.694
24/09/2020;135.203;134.067
25/09/2020;135.443;134.403
28/09/2020;135.098;134.015
29/09/2020;135.043;134.053
30/09/2020;135.309;134.277
01/10/2020;135.308;134.24
02/10/2020;135.386;134.326
05/10/2020;135.571;134.483
06/10/2020;135.61;134.532
07/10/2020;135.781;134.614
08/10/2020;135.673;134.683
09/10/2020;135.132;133.992
12/10/2020;134.98;133.872
13/10/2020;134.951;133.837
14/10/2020;134.991;133.904
15/10/2020;134.703;133.681
16/10/2020;134.511;133.416
19/10/2020;133.923;132.771
20/10/2020;133.67;132.592
21/10/2020;133.293;132.196
22/10/2020;133.397;132.258
23/10/2020;133.298;132.207
26/10/2020;133.383;132.313
27/10/2020;133.504;132.377
28/10/2020;133.507;132.376
29/10/2020;133.623;132.528
30/10/2020;133.824;132.727
02/11/2020;133.935;132.849
03/11/2020;133.843;132.731
04/11/2020;133.693;132.537
05/11/2020;133.672;132.556
06/11/2020;133.791;132.65
09/11/2020;133.797;132.717
10/11/2020;133.751;132.694
11/11/2020;133.746;132.671
12/11/2020;133.485;132.386
13/11/2020;133.57;132.492
16/11/2020;133.557;132.428
17/11/2020;133.655;132.549
18/11/2020;133.675;132.581
19/11/2020;133.661;132.518
20/11/2020;133.699;132.605
23/11/2020;133.725;132.605
24/11/2020;133.796;132.67
25/11/2020;133.715;132.553
26/11/2020;133.589;132.372
27/11/2020;133.692;132.547
30/11/2020;133.655;132.512
01/12/2020;133.712;132.485
02/12/2020;133.632;132.529
03/12/2020;133.53;132.358
04/12/2020;133.302;132.138
07/12/2020;133.505;132.289
08/12/2020;133.659;132.503
09/12/2020;133.734;132.519
10/12/2020;133.728;132.585
11/12/2020;133.904;132.705
14/12/2020;133.937;132.789
15/12/2020;133.584;132.404
16/12/2020;133.436;132.305
17/12/2020;133.623;132.433
18/12/2020;133.818;132.676
21/12/2020;133.847;132.708
22/12/2020;134.013;132.872
23/12/2020;133.943;132.805
24/12/2020;134.145;132.95
25/12/2020;134.342;133.195
28/12/2020;134.648;133.456
29/12/2020;134.755;133.575
30/12/2020;134.737;133.576
31/12/2020;134.73;133.537
01/01/2021;134.846;133.683
04/01/2021;134.652;133.422
05/01/2021;134.491;133.282
06/01/2021;134.606;133.392
07/01/2021;134.424;133.255
08/01/2021;134.274;133.048
11/01/2021;134.505;133.324
12/01/2021;134.502;133.215
13/01/2021;134.527;133.312
14/01/2021;134.511;133.285
15/01/2021;134.459;133.216
18/01/2021;134.72;133.52
19/01/2021;134.328;133.102
20/01/2021;134.181;132.941
21/01/2021;134.203;132.958
22/01/2021;134.512;133.292
25/01/2021;134.831;133.688
26/01/2021;135.031;133.817
27/01/2021;135.269;134.025
28/01/2021;135.665;134.446
29/01/2021;135.376;134.214
01/02/2021;135.424;134.248
02/02/2021;135.152;133.947
03/02/2021;135.072;133.79
04/02/2021;135.115;133.902
05/02/2021;135.305;134.039
08/02/2021;135.607;134.381
09/02/2021;135.443;134.157
10/02/2021;135.582;134.268
11/02/2021;135.146;133.871
12/02/2021;135.441;134.235
15/02/2021;135.247;133.996
16/02/2021;135.349;134.14
17/02/2021;135.321;134.048
18/02/2021;135.986;134.711
19/02/2021;135.962;134.704
22/02/2021;135.521;134.273
23/02/2021;135.611;134.326
24/02/2021;135.416;134.12
25/02/2021;135.34;134.042
26/02/2021;135.446;134.256
01/03/2021;135.642;134.358
02/03/2021;135.73;134.443
03/03/2021;135.621;134.305
04/03/2021;135.335;133.978
05/03/2021;134.75;133.382
08/03/2021;134.775;133.474
09/03/2021;134.964;133.721
10/03/2021;134.783;133.433
11/03/2021;134.663;133.388
12/03/2021;134.853;133.639
15/03/2021;135.033;133.755
16/03/2021;135.292;133.924
17/03/2021;135.312;134.052
18/03/2021;135.387;134.033
19/03/2021;135.361;134.028
22/03/2021;135.165;133.845
23/03/2021;135.18;133.827
24/03/2021;135.422;133.995
25/03/2021;135.367;134.029
26/03/2021;135.463;134.127
29/03/2021;135.279;134.03
30/03/2021;134.942;133.583
31/03/2021;134.807;133.512
01/04/2021;134.795;133.393
02/04/2021;135.227;133.875
05/04/2021;135.024;133.623
06/04/2021;135.07;133.655
07/04/2021;135.262;133.867
08/04/2021;134.873;133.582
09/04/2021;134.978;133.639
12/04/2021;135.149;133.746
13/04/2021;134.988;133.554
14/04/2021;135.231;133.89
15/04/2021;135.049;133.716
16/04/2021;135.165;133.715
19/04/2021;135.473;134.104
20/04/2021;135.489;134.103
21/04/2021;135.006;133.681
22/04/2021;134.905;133.511
23/04/2021;134.95;133.591
26/04/2021;135.081;133.673
27/04/2021;134.974;133.552
28/04/2021;135.135;133.717
29/04/2021;135.223;133.885
30/04/2021;135.306;133.813
03/05/2021;135.36;133.898
04/05/2021;135.725;134.27
05/05/2021;135.78;134.445
06/05/2021;135.898;134.469
07/05/2021;136.021;134.556
10/05/2021;136.104;134.668
11/05/2021;136.259;134.847
12/05/2021;136.342;134.948
13/05/2021;136.125;134.722
14/05/2021;136.299;134.844
17/05/2021;136.165;134.657
18/05/2021;136.756;135.361
19/05/2021;136.661;135.18
20/05/2021;136.315;134.877
21/05/2021;136.427;134.975
24/05/2021;136.579;135.13
25/05/2021;136.319;134.905
26/05/2021;136.871;135.44
27/05/2021;137.283;135.903
28/05/2021;137.658;136.236
31/05/2021;137.368;136.005
01/06/2021;137.081;135.695
02/06/2021;137.173;135.766
03/06/2021;136.947;135.554
04/06/2021;137.132;135.765
07/06/2021;137.428;136.01
08/06/2021;137.214;135.814
09/06/2021;137.124;135.688
10/06/2021;136.983;135.502
11/06/2021;137.077;135.69
14/06/2021;137.014;135.589
15/06/2021;136.369;134.859
16/06/2021;135.99;134.619
17/06/2021;136.068;134.639
18/06/2021;135.582;134.125
21/06/2021;135.716;134.311
22/06/2021;136.253;134.822
23/06/2021;136.314;134.937
24/06/2021;136.635;135.248
25/06/2021;136.445;135.152
28/06/2021;136.627;135.172
29/06/2021;136.81;135.351
30/06/2021;137.056;135.637
01/07/2021;136.945;135.493
02/07/2021;137.15;135.787
05/07/2021;137.342;135.808
06/07/2021;137.548;136.142
07/07/2021;136.998;135.528
08/07/2021;136.724;135.285
09/07/2021;136.993;135.516
12/07/2021;137.031;135.531
13/07/2021;137.851;136.339
14/07/2021;138.393;136.985
15/07/2021;137.95;136.521
16/07/2021;137.636;136.227
19/07/2021;137.394;135.987
20/07/2021;137.681;136.208
21/07/2021;137.481;136.094
22/07/2021;137.796;136.336
23/07/2021;138.037;136.57
26/07/2021;137.429;136.02
27/07/2021;137.03;135.628
28/07/2021;137.232;135.848
29/07/2021;136.681;135.188
30/07/2021;136.538;135.038
02/08/2021;136.633;135.188
03/08/2021;136.737;135.312
04/08/2021;136.918;135.399
05/08/2021;136.335;134.859
06/08/2021;136.125;134.702
09/08/2021;136.804;135.288
10/08/2021;136.734;135.226
11/08/2021;136.676;135.221
12/08/2021;136.346;134.831
13/08/2021;136.196;134.782
16/08/2021;136.197;134.716
17/08/2021;135.851;134.412
18/08/2021;136.097;134.654
19/08/2021;136.326;134.899
20/08/2021;136.223;134.768
23/08/2021;136.197;134.685
24/08/2021;136.863;135.402
25/08/2021;136.505;135.125
26/08/2021;136.241;134.853
27/08/2021;136.374;135.024
30/08/2021;136.8;135.306
31/08/2021;137.061;135.567
01/09/2021;136.765;135.375
02/09/2021;136.928;135.428
03/09/2021;137.136;135.599
06/09/2021;137.287;135.828
07/09/2021;136.995;135.589
08/09/2021;137.099;135.642
09/09/2021;136.978;135.512
10/09/2021;138.015;136.607
13/09/2021;137.587;136.244
14/09/2021;137.077;135.704
15/09/2021;137.446;136.086
16/09/2021;138.379;137.085
17/09/2021;138.493;137.192
20/09/2021;138.865;137.432
21/09/2021;138.82;137.459
22/09/2021;138.886;137.675
23/09/2021;138.735;137.334
24/09/2021;139.399;138.067
27/09/2021;138.757;137.433
28/09/2021;139.05;137.716
29/09/2021;139.353;138.008
30/09/2021;139.601;138.231
01/10/2021;139.727;138.461
04/10/2021;139.24;137.85
05/10/2021;139.732;138.327
06/10/2021;138.678;137.335
07/10/2021;138.769;137.45
08/10/2021;139.2;137.793
11/10/2021;138.771;137.53
12/10/2021;138.447;137.058
13/10/2021;138.977;137.595
14/10/2021;138.553;137.151
15/10/2021;138.859;137.562
18/10/2021;138.596;137.162
19/10/2021;138.804;137.315
20/10/2021;138.691;137.23
21/10/2021;138.62;137.245
22/10/2021;138.888;137.435
25/10/2021;138.92;137.626
26/10/2021;139.006;137.636
27/10/2021;139.152;137.668
28/10/2021;139.481;138.022
29/10/2021;139.293;137.861
01/11/2021;138.868;137.421
02/11/2021;138.723;137.161
03/11/2021;138.648;137.302
04/11/2021;138.627;137.18
05/11/2021;138.873;137.407
08/11/2021;138.556;137.091
09/11/2021;138.419;137.028
10/11/2021;137.91;136.537
11/11/2021;138.173;136.784
12/11/2021;138.106;136.609
15/11/2021;138.594;137.206
16/11/2021;138.394;136.98
17/11/2021;138.562;137.078
18/11/2021;138.276;136.845
19/11/2021;139.004;137.632
22/11/2021;139.545;138.13
23/11/2021;139.725;138.375
24/11/2021;140.246;138.808
25/11/2021;140.372;138.976
26/11/2021;140.682;139.233
29/11/2021;140.28;138.901
30/11/2021;140.849;139.427
01/12/2021;140.451;139.068
02/12/2021;140.191;138.792
03/12/2021;139.787;138.446
06/12/2021;139.91;138.586
07/12/2021;139.324;137.888
08/12/2021;139.77;138.391
09/12/2021;140.01;138.706
10/12/2021;139.627;138.24
13/12/2021;139.772;138.359
14/12/2021;139.737;138.346
15/12/2021;140.419;139.087
16/12/2021;141.149;139.735
17/12/2021;140.321;138.845
20/12/2021;140.525;139.062
21/12/2021;141.136;139.748
22/12/2021;142.054;140.68
23/12/2021;141.801;140.543
24/12/2021;142.158;140.845
27/12/2021;142.419;141.105
28/12/2021;142.418;140.992
29/12/2021;142.73;141.333
30/12/2021;142.108;140.79
31/12/2021;141.856;140.495
03/01/2022;141.974;140.546
04/01/2022;142.514;141.152
05/01/2022;142.12;140.639
06/01/2022;142.097;140.68
07/01/2022;142.196;140.839
10/01/2022;141.652;140.253
11/01/2022;141.561;140.258
12/01/2022;141.283;139.975
13/01/2022;140.763;139.308
14/01/2022;139.865;138.484
17/01/2022;140.273;138.864
18/01/2022;139.131;137.762
19/01/2022;139.721;138.313
20/01/2022;139.368;138.053
21/01/2022;139.333;137.976
24/01/2022;139.222;137.881
25/01/2022;139.441;138.107
26/01/2022;139.399;138.015
27/01/2022;139.047;137.626
28/01/2022;139.021;137.593
31/01/2022;139.403;137.971
01/02/2022;139.3;137.919
02/02/2022;139.244;137.913
03/02/2022;139.455;138.009
04/02/2022;138.923;137.554
07/02/2022;139.058;137.685
08/02/2022;139.649;138.291
09/02/2022;139.269;137.897
10/02/2022;139.064;137.632
11/02/2022;138.483;137.088
14/02/2022;138.553;137.085
15/02/2022;139.64;138.269
16/02/2022;139.541;138.155
17/02/2022;139.283;137.883
18/02/2022;139.16;137.827
21/02/2022;138.912;137.505
22/02/2022;138.556;137.173
23/02/2022;138.555;137.151
24/02/2022;138.372;136.967
25/02/2022;138.293;136.842
28/02/2022;138.345;136.893
01/03/2022;139.071;137.609
02/03/2022;138.34;136.932
03/03/2022;138.075;136.591
04/03/2022;137.855;136.444
07/03/2022;138.251;136.882
08/03/2022;138.449;137.047
09/03/2022;138.542;137.047
10/03/2022;138.05;136.656
11/03/2022;137.904;136.518
14/03/2022;137.534;136.1
15/03/2022;137.682;136.3
16/03/2022;137.846;136.423
17/03/2022;137.99;136.652
18/03/2022;138.115;136.636
21/03/2022;139.014;137.551
22/03/2022;138.867;137.482
23/03/2022;138.871;137.433
24/03/2022;138.771;137.437
25/03/2022;138.58;137.164
28/03/2022;138.345;136.952
29/03/2022;137.72;136.305
30/03/2022;137.645;136.24
31/03/2022;137.755;136.252
01/04/2022;138.014;136.532
04/04/2022;137.987;136.536
05/04/2022;138.021;136.591
06/04/2022;138.175;136.721
07/04/2022;138.011;136.608
08/04/2022;138.421;136.965
11/04/2022;138.536;137.088
12/04/2022;138.227;136.8
13/04/2022;138.245;136.782
14/04/2022;138.656;137.296
15/04/2022;138.984;137.503
18/04/2022;138.774;137.353
19/04/2022;139.487;138.084
20/04/2022;139.55;138.14
21/04/2022;139.227;137.817
22/04/2022;140.04;138.571
25/04/2022;138.977;137.56
26/04/2022;139.779;138.431
27/04/2022;140.762;139.38
28/04/2022;141.308;139.837
29/04/2022;141.46;140.077
02/05/2022;141.535;140.203
03/05/2022;140.912;139.526
04/05/2022;140.984;139.594
05/05/2022;141.304;139.945
06/05/2022;141.17;139.76
09/05/2022;141.077;139.764
10/05/2022;142.332;141.045
11/05/2022;143.107;141.76
12/05/2022;143.375;142.141
13/05/2022;143.521;142.233
16/05/2022;143.779;142.46
17/05/2022;142.947;141.586
18/05/2022;142.366;141.003
19/05/2022;141.928;140.603
20/05/2022;141.317;139.952
23/05/2022;141.321;139.921
24/05/2022;141.874;140.582
25/05/2022;140.705;139.455
26/05/2022;140.833;139.596
27/05/2022;140.023;138.765
30/05/2022;139.674;138.351
31/05/2022;139.688;138.484
01/06/2022;140.072;138.784
02/06/2022;139.509;138.228
03/06/2022;139.384;138.028
06/06/2022;139.64;138.363
07/06/2022;139.728;138.357
08/06/2022;140.019;138.633
09/06/2022;139.707;138.404
10/06/2022;139.323;137.998
13/06/2022;139.363;138.085
14/06/2022;139.467;138.163
15/06/2022;139.298;137.955
16/06/2022;139.469;138.085
17/06/2022;139.674;138.383
20/06/2022;139.252;137.907
21/06/2022;139.243;137.991
22/06/2022;139.172;137.827
23/06/2022;140.001;138.7
24/06/2022;139.921;138.613
27/06/2022;139.705;138.357
28/06/2022;139.714;138.308
29/06/2022;139.734;138.344
30/06/2022;139.456;138.076
01/07/2022;139.967;138.686
04/07/2022;140.734;139.459
05/07/2022;141.299;139.991
06/07/2022;140.844;139.63
07/07/2022;140.491;139.206
08/07/2022;139.561;138.224
11/07/2022;140.085;138.795
12/07/2022;140.704;139.437
13/07/2022;141.336;140.053
14/07/2022;141.316;140.058
15/07/2022;141.67;140.442
18/07/2022;141.609;140.311
19/07/2022;142.474;141.158
20/07/2022;141.998;140.655
21/07/2022;142.007;140.701
22/07/2022;142.435;141.223
25/07/2022;142.755;141.477
26/07/2022;142.682;141.312
27/07/2022;143.199;141.896
28/07/2022;143.587;142.275
29/07/2022;143.497;142.246
01/08/2022;144.294;143.044
02/08/2022;144.31;143.061
03/08/2022;144.107;142.797
04/08/2022;144.882;143.644
05/08/2022;144.414;143.096
08/08/2022;144.136;142.804
09/08/2022;144.276;142.965
10/08/2022;144.31;142.934
11/08/2022;144.919;143.666
12/08/2022;144.62;143.306
15/08/2022;144.358;142.967
16/08/2022;144.913;143.605
17/08/2022;144.543;143.279
18/08/2022;144.456;143.089
19/08/2022;143.843;142.461
22/08/2022;143.864;142.514
23/08/2022;143.515;142.225
24/08/2022;143.357;142.089
25/08/2022;143.196;141.906
26/08/2022;143.261;141.974
29/08/2022;143.308;142.092
30/08/2022;143.201;141.916
31/08/2022;143.175;141.926
01/09/2022;143.453;142.139
02/09/2022;143.868;142.575
05/09/2022;144.471;143.141
06/09/2022;143.742;142.492
07/09/2022;143.325;142.089
08/09/2022;143.645;142.352
09/09/2022;143.756;142.529
12/09/2022;144.301;143.003
13/09/2022;144.943;143.619
14/09/2022;145.698;144.366
15/09/2022;146.227;144.954
16/09/2022;144.351;143.211
19/09/2022;144.135;142.841
20/09/2022;143.907;142.642
21/09/2022;144.257;143.095
22/09/2022;143.891;142.641
23/09/2022;143.015;141.697
26/09/2022;142.822;141.666
27/09/2022;142.044;140.823
28/09/2022;141.811;140.622
29/09/2022;142.121;140.951
30/09/2022;142.949;141.705
03/10/2022;142.682;141.451
04/10/2022;142.4;141.106
05/10/2022;143.095;141.837
06/10/2022;143.131;141.902
07/10/2022;143.568;142.362
10/10/2022;143.611;142.418
11/10/2022;143.78;142.529
12/10/2022;142.396;141.12
13/10/2022;142.893;141.675
14/10/2022;142.854;141.605
17/10/2022;143.225;142
18/10/2022;143.529;142.348
19/10/2022;143.825;142.558
20/10/2022;143.38;142.062
21/10/2022;143.613;142.352
24/10/2022;143.703;142.451
25/10/2022;143.183;141.937
26/10/2022;143.697;142.516
27/10/2022;143.99;142.765
28/10/2022;144.171;142.952
31/10/2022;144.301;143.121
01/11/2022;144.568;143.315
02/11/2022;143.835;142.544
03/11/2022;143.578;142.302
04/11/2022;143.403;142.112
07/11/2022;143.245;142.025
08/11/2022;143.432;142.136
09/11/2022;143.154;141.81
10/11/2022;143.416;142.152
11/11/2022;143.535;142.209
14/11/2022;143.092;141.777
15/11/2022;143.287;142.036
16/11/2022;143.365;142.116
17/11/2022;143.558;142.306
18/11/2022;143.301;141.998
21/11/2022;143.878;142.622
22/11/2022;144.215;143.036
23/11/2022;144.806;143.561
24/11/2022;145.241;143.965
25/11/2022;144.197;142.913
28/11/2022;143.44;142.194
29/11/2022;143.132;141.941
30/11/2022;142.891;141.644
01/12/2022;143.147;141.915
02/12/2022;142.793;141.536
05/12/2022;143.398;142.196
06/12/2022;143.612;142.426
07/12/2022;143.754;142.526
08/12/2022;143.941;142.678
09/12/2022;144.355;143.087
12/12/2022;144.576;143.318
13/12/2022;144.446;143.224
14/12/2022;144.001;142.747
15/12/2022;144.039;142.843
16/12/2022;144.23;142.971
19/12/2022;143.623;142.374
20/12/2022;143.549;142.309
21/12/2022;143.462;142.234
22/12/2022;144.157;142.897
23/12/2022;144.155;142.952
26/12/2022;143.725;142.464
27/12/2022;144.116;142.885
28/12/2022;144.967;143.673
29/12/2022;144.51;143.271
30/12/2022;144.413;143.146
02/01/2023;144.098;142.896
03/01/2023;143.653;142.397
04/01/2023;143.862;142.641
05/01/2023;144.123;142.917
06/01/2023;144.241;142.989
09/01/2023;144.029;142.783
10/01/2023;143.769;142.468
11/01/2023;143.268;142.051
12/01/2023;143.106;141.866
13/01/2023;143.09;141.783
16/01/2023;142.998;141.764
17/01/2023;142.543;141.307
18/01/2023;142.804;141.543
19/01/2023;143.035;141.748
20/01/2023;143.12;141.827
23/01/2023;142.873;141.613
24/01/2023;143.921;142.613
25/01/2023;143.169;141.949
26/01/2023;143.452;142.163
27/01/2023;143.404;142.069
30/01/2023;143.459;142.185
31/01/2023;142.823;141.614
01/02/2023;143.24;141.964
02/02/2023;142.929;141.633
03/02/2023;142.584;141.349
06/02/2023;142.877;141.593
07/02/2023;142.816;141.502
08/02/2023;142.279;141.07
09/02/2023;142.79;141.561
10/02/2023;142.845;141.621
13/02/2023;142.819;141.624
14/02/2023;142.684;141.435
15/02/2023;143.162;141.881
16/02/2023;143.466;142.2
17/02/2023;143.741;142.45
20/02/2023;143.614;142.378
21/02/2023;144.012;142.777
22/02/2023;144.569;143.341
23/02/2023;144.263;143.063
24/02/2023;144.207;142.956
27/02/2023;143.621;142.392
28/02/2023;143.343;142.049
01/03/2023;143.769;142.484
02/03/2023;143.299;141.997
03/03/2023;143.679;142.413
06/03/2023;143.959;142.688
07/03/2023;143.709;142.412
08/03/2023;143.381;142.08
09/03/2023;142.582;141.304
10/03/2023;142.313;141.045
13/03/2023;142.41;141.132
14/03/2023;142.182;140.934
15/03/2023;142.25;141.006
16/03/2023;141.826;140.567
17/03/2023;142.047;140.742
20/03/2023;142.668;141.418
21/03/2023;142.252;140.947
22/03/2023;142.899;141.604
23/03/2023;142.974;141.652
24/03/2023;142.872;141.536
27/03/2023;142.425;141.182
28/03/2023;141.79;140.486
29/03/2023;141.825;140.56
30/03/2023;141.309;140.001
31/03/2023;141.395;140.142
03/04/2023;141.338;140.069
04/04/2023;141.476;140.18
05/04/2023;141.633;140.313
06/04/2023;142.078;140.808
07/04/2023;142.188;140.914
10/04/2023;142.364;141.1
11/04/2023;143.164;141.888
12/04/2023;142.964;141.69
13/04/2023;143.01;141.726
14/04/2023;142.754;141.474
17/04/2023;142.361;141.083
18/04/2023;142.393;141.123
19/04/2023;142.332;141.009
20/04/2023;142.504;141.233
21/04/2023;142.617;141.281
24/04/2023;142.629;141.346
25/04/2023;142.873;141.583
26/04/2023;143.118;141.839
27/04/2023;142.953;141.667
28/04/2023;143.08;141.797
01/05/2023;142.719;141.414
02/05/2023;142.618;141.34
03/05/2023;142.856;141.589
04/05/2023;142.54;141.238
05/05/2023;143.056;141.756
08/05/2023;143.002;141.707
09/05/2023;142.699;141.397
10/05/2023;142.743;141.403
11/05/2023;142.971;141.683
12/05/2023;142.671;141.343
15/05/2023;142.548;141.281
16/05/2023;142.314;141.001
17/05/2023;142.382;141.094
18/05/2023;142.506;141.202
19/05/2023;142.868;141.585
22/05/2023;143.085;141.795
23/05/2023;143.008;141.692
24/05/2023;142.96;141.63
25/05/2023;142.98;141.698
26/05/2023;142.739;141.415
29/05/2023;142.495;141.182
30/05/2023;142.82;141.531
31/05/2023;143.146;141.811
01/06/2023;143.269;141.976
02/06/2023;143.429;142.084
05/06/2023;143.356;142.042
06/06/2023;143.118;141.836
07/06/2023;143.349;142.07
08/06/2023;143.085;141.767
09/06/2023;143.066;141.757
12/06/2023;143.018;141.691
13/06/2023;143.237;141.937
14/06/2023;143.305;142.014
15/06/2023;142.969;141.714
16/06/2023;142.564;141.296
19/06/2023;142.172;140.882
20/06/2023;142.244;140.967
21/06/2023;142.167;140.852
22/06/2023;141.948;140.619
23/06/2023;141.705;140.406
26/06/2023;141.777;140.459
27/06/2023;141.895;140.568
28/06/2023;142.078;140.788
29/06/2023;142.334;141.026
30/06/2023;142.643;141.369
03/07/2023;142.92;141.643
04/07/2023;142.814;141.525
05/07/2023;142.759;141.48
06/07/2023;143.144;141.818
07/07/2023;143.211;141.91
10/07/2023;143.529;142.219
11/07/2023;144.082;142.773
12/07/2023;144.102;142.847
13/07/2023;143.803;142.514
14/07/2023;143.598;142.283
17/07/2023;143.845;142.553
18/07/2023;144.474;143.143
19/07/2023;144.732;143.439
20/07/2023;144.801;143.514
21/07/2023;144.843;143.592
24/07/2023;145.117;143.823
25/07/2023;145.305;144.013
26/07/2023;145.511;144.196
27/07/2023;145.638;144.35
28/07/2023;145.467;144.195
31/07/2023;145.458;144.18
01/08/2023;145.942;144.669
02/08/2023;146.098;144.839
03/08/2023;145.657;144.384
04/08/2023;145.458;144.151
07/08/2023;145.137;143.858
08/08/2023;144.666;143.383
09/08/2023;144.435;143.103
10/08/2023;144.384;143.097
11/08/2023;144.394;143.085
14/08/2023;144.366;143.086
15/08/2023;143.846;142.554
16/08/2023;143.575;142.296
17/08/2023;143.963;142.681
18/08/2023;144.248;142.97
21/08/2023;144.413;143.086
22/08/2023;144.294;143.023
23/08/2023;144.222;142.924
24/08/2023;144.269;143.004
25/08/2023;143.694;142.424
28/08/2023;143.612;142.298
29/08/2023;143.682;142.41
30/08/2023;143.434;142.115
31/08/2023;143.749;142.462
01/09/2023;143.657;142.349
04/09/2023;143.701;142.418
05/09/2023;143.622;142.342
06/09/2023;143.599;142.318
07/09/2023;143.607;142.309
08/09/2023;143.459;142.149
11/09/2023;143.449;142.164
12/09/2023;143.21;141.911
13/09/2023;143.298;141.991
14/09/2023;143.566;142.26
15/09/2023;143.004;141.699
18/09/2023;142.511;141.233
19/09/2023;142.395;141.103
20/09/2023;142.299;141.01
21/09/2023;141.93;140.643
22/09/2023;142.07;140.794
25/09/2023;142.438;141.15
26/09/2023;142.302;141.015
27/09/2023;142.626;141.348
28/09/2023;142.732;141.443
29/09/2023;142.67;141.378
02/10/2023;142.271;140.975
03/10/2023;142.257;140.972
04/10/2023;142.233;140.941
05/10/2023;142.216;140.927
06/10/2023;142.211;140.926
09/10/2023;142.367;141.075
10/10/2023;142.29;141.015
11/10/2023;142.045;140.737
12/10/2023;142.287;141.024
13/10/2023;142.185;140.9
16/10/2023;142.189;140.895
17/10/2023;142.182;140.885
18/10/2023;142.268;140.967
19/10/2023;142.353;141.063
20/10/2023;142.431;141.148
23/10/2023;142.451;141.155
24/10/2023;142.544;141.255
25/10/2023;142.681;141.396
26/10/2023;142.625;141.325
27/10/2023;142.747;141.464
30/10/2023;142.653;141.379
31/10/2023;142.62;141.337
01/11/2023;142.463;141.177
02/11/2023;142.45;141.168
03/11/2023;142.395;141.101
06/11/2023;142.238;140.941
07/11/2023;142.199;140.918
08/11/2023;142.294;141.016
09/11/2023;142.503;141.229
10/11/2023;142.734;141.455
13/11/2023;142.729;141.435
14/11/2023;142.887;141.595
15/11/2023;143.096;141.822
16/11/2023;143.068;141.773
17/11/2023;142.96;141.668
20/11/2023;143.015;141.73
21/11/2023;142.868;141.577
22/11/2023;142.835;141.544
23/11/2023;142.999;141.694
24/11/2023;143.148;141.86
27/11/2023;143.033;141.741
28/11/2023;142.875;141.577
29/11/2023;143.049;141.777
30/11/2023;143.188;141.906
01/12/2023;143.39;142.107
04/12/2023;143.572;142.305
05/12/2023;143.707;142.407
06/12/2023;143.872;142.605
07/12/2023;143.988;142.684
08/12/2023;143.988;142.712
11/12/2023;143.906;142.623
12/12/2023;143.798;142.499
13/12/2023;143.894;142.598
14/12/2023;143.777;142.478
15/12/2023;143.805;142.523
18/12/2023;144.057;142.758
19/12/2023;143.939;142.642
20/12/2023;143.991;142.691
21/12/2023;144.099;142.803
22/12/2023;143.956;142.677
25/12/2023;144.157;142.852
26/12/2023;143.971;142.676
27/12/2023;144.091;142.811
28/12/2023;144.041;142.742
29/12/2023;144.017;142.713
01/01/2024;144.018;142.721
02/01/2024;143.852;142.564
03/01/2024;143.869;142.575
04/01/2024;143.883;142.607
05/01/2024;143.808;142.508
08/01/2024;143.995;142.701
09/01/2024;144.244;142.964
10/01/2024;144.247;142.951
11/01/2024;144.167;142.889
12/01/2024;144.407;143.125
15/01/2024;144.688;143.396
16/01/2024;144.78;143.498
17/01/2024;144.754;143.456
18/01/2024;144.59;143.313
19/01/2024;144.7;143.424
22/01/2024;144.705;143.423
23/01/2024;144.868;143.587
24/01/2024;144.998;143.714
25/01/2024;145.247;143.954
26/01/2024;145.082;143.781
29/01/2024;144.967;143.682
30/01/2024;144.936;143.654
31/01/2024;145.131;143.844
01/02/2024;144.928;143.631
02/02/2024;144.609;143.321
05/02/2024;144.637;143.342
06/02/2024;144.783;143.491
07/02/2024;144.735;143.462
08/02/2024;144.801;143.514
09/02/2024;144.808;143.528
12/02/2024;144.731;143.455
13/02/2024;144.735;143.445
14/02/2024;144.751;143.467
15/02/2024;144.638;143.354
16/02/2024;144.748;143.467
19/02/2024;144.847;143.566
20/02/2024;144.862;143.576
21/02/2024;144.866;143.576
22/02/2024;144.818;143.54
23/02/2024;144.854;143.574
26/02/2024;144.746;143.455
27/02/2024;144.795;143.508
28/02/2024;144.841;143.552
29/02/2024;144.506;143.226
01/03/2024;144.438;143.157
04/03/2024;144.708;143.429
05/03/2024;144.628;143.337
06/03/2024;144.565;143.28
07/03/2024;144.408;143.123
08/03/2024;144.299;143.01
11/03/2024;144.406;143.126
12/03/2024;144.407;143.127
13/03/2024;144.455;143.17
14/03/2024;144.378;143.106
15/03/2024;144.497;143.215
18/03/2024;144.601;143.321
19/03/2024;144.735;143.46
20/03/2024;144.662;143.38
21/03/2024;144.569;143.286
22/03/2024;144.628;143.347
25/03/2024;144.848;143.568
26/03/2024;144.942;143.657
27/03/2024;145.018;143.733
28/03/2024;145.107;143.828
29/03/2024;145.271;143.983
01/04/2024;145.276;144.001
02/04/2024;145.247;143.964
03/04/2024;145.204;143.922
04/04/2024;145.172;143.893
05/04/2024;145.479;144.2
08/04/2024;145.238;143.964
09/04/2024;145.44;144.165
10/04/2024;145.674;144.4
11/04/2024;145.787;144.511
12/04/2024;145.774;144.499
15/04/2024;145.883;144.612
